Workbook

Sheet     2024학년도 입결 분석    
F1: 2024학년도 정시 입결 (70% 컷) 분석 24. 9. 7 | AH1: 제작 및 검토 < 베텔기우스 > | BA1: =IF(E6="","-",E6) -> -
BA2: =IF(E7="","-",E7) -> -
AH3: Betelgeuse058.tistory.com
N4: 1. 본 자료는, 24학년도 정시 입결(대학별 환산점수)을 → '24학년도 수능'의 표준점수와 백분위로 역환산한 산출내역입니다. | BA4: =IF(E8="","-",E8) -> -
E5: 대학명 강조 | F5: 학과명 강조 | N5: (대학별 환산점수는 각 대학에서 공식 발표한 70%컷 입시결과입니다.) | BA5: =IF(F6="","-",F6) -> -
D6: 1 | N6: 2. 모든 학과의 역환산 산출내역(표점입결, 백분위입결)은, 각 대학의 환산공식에 따라 역으로 계산된 자동산출 결과이며, 이는 올해의 원점수 표준점수 백분위점수로 변환 후 예상입결을 산출하는데 사용됩니다. | BA6: =IF(F7="","-",F7) -> -
D7: 2 | N7: 3. 국.수.탐 백분위가 동일할때의 역환산 결과이며, 과목별 반영비율에 따른 유불리는 '환산점수 배치표 탭'을 참고 바랍니다. | BA7: =IF(F8="","-",F8) -> -
D8: 3 | N8: 4. 실제 입시결과이므로, 일부 학과는 적정한 위치보다 높거나 낮은곳에 위치할 수 있습니다 | AZ8: .
AL9: 의대 증원에 따른 입결변화 예측
M10: 입시결과 역환산 산출내역
B11: 자연 누적 (추정치) | D11: 의대증원 | E11: 입시결과 | I11: 대학 | J11: 학과 | K11: 계열 | L11: 모집인원 | M11: 대학별 | O11: 반영방법 | R11: 반영비율 | U11: 백분위 | V11: 표준점수 | Y11: 변표 | Z11: 등급 점수 | AF11: 가산점 | AH11: 비고 | AN11: 증원 | AO11: 증가인원(누적) | AR11: 누적 백분율 변화
D12: 영향 | E12: 자연→인문 | F12: 계열 | G12: 계열 | M12: 환산점수 / | N12: 만점 | O12: 국.수 | P12: 탐구 | R12: 국 | S12: 수 | T12: 탐 | U12: 국.수.탐 | V12: 국어 | W12: 수학 | X12: 탐구 | Y12: 탐구 | Z12: 영어 | AA12: 점수 | AB12: 한국사 | AC12: 점수 | AD12: 제2외국 | AE12: 점수 | AF12: 미기,과탐 | AN12: 영향력 | AO12: 정시모집+수시합격 예상인원 | AR12: (추정치)
B13: (%) | C13: (명) | D13: (명) | E13: 교차표점 | F13: 백분위 | G13: 표준점수 | AG13: 교과 | AN13: (%) | AO13: 자연+인문 | AP13: 자연 | AQ13: 인문 | BA13: 계열ID
B14: 0.01 | C14: 22 | D14: 0 | F14: 99.99 | G14: 431.00 | I14: 서울대 | J14: 의예 | K14: 자연 | L14: 29 | M14: 435.8 / | N14: 600 | O14: 표점 | P14: 표점 | Q14: 2과목 | R14: 33 | S14: 40 | T14: 27 | U14: 99.99 | V14: 147.00544 | W14: 146.50272 | X14: 68.745917 | Z14: 1등급 | AA14: 0 | AB14: 만점 | AC14: 0 | AD14: 만점 | AE14: 0 | AF14: 3 | AG14: 0 | AH14: 과탐Ⅱ3점 가산 | AL14: 서울대 의예 | AM14: 자연 | AN14: 100 | AO14: 0 | AP14: 0 | AQ14: 0 | AR14: 0.03 → 0.03 | BA14: 자연1
B15: 0.24 | C15: 521 | D15: 0 | F15: 99.77 | G15: 425.84 | I15: 가톨릭대 | J15: 의예 | K15: 자연 | L15: 37 | M15: 749.63 / | N15: 1000 | O15: 표점 | P15: 변표 | Q15: 2과목 | R15: 30 | S15: 40 | T15: 30 | U15: 99.77 | V15: 143.68591 | W15: 144.68591 | X15: 68.734094 | Y15: 71.58 | Z15: 1등급 | AA15: 20 | AB15: 만점 | AC15: 10 | AD15: 만점 | AE15: 0 | AF15: 0 | AG15: 0 | AL15: 가톨릭대 의예 | AM15: 자연 | AN15: 100 | AO15: 0 | AP15: 0 | AQ15: 0 | AR15: 0.24 → 0.24 | BA15: 자연2
B16: 0.25 | C16: 543 | D16: 0 | F16: 99.76 | G16: 425.67 | I16: 성균관대 | J16: 의예 | K16: 자연 | L16: 10 | M16: 713.83 / | N16: 1000 | O16: 표점 | P16: 변표 | Q16: 2과목 | R16: 30 | S16: 35 | T16: 25 | U16: 99.76 | V16: 143.60154 | W16: 144.60154 | X16: 68.733462 | Y16: 71.75 | Z16: 1등급 | AA16: 66 | AB16: 만점 | AC16: 0 | AD16: 만점 | AE16: 0 | AF16: 0 | AG16: 0 | AH16: 영어2등급 까지 만점 | AL16: 성균관대 의예 | AM16: 자연 | AN16: 100 | AO16: 0 | AP16: 0 | AQ16: 0 | AR16: 0.25 → 0.25 | BA16: 자연3
B17: 0.26 | C17: 564 | D17: 0 | F17: 99.74 | G17: 425.32 | I17: 연세대 | J17: 의예 | K17: 자연 | L17: 47 | M17: 677.475 / | N17: 900 | O17: 표점 | P17: 변표 | Q17: 2과목 | R17: 22 | S17: 33 | T17: 33 | U17: 99.74 | V17: 143.42634 | W17: 144.42634 | X17: 68.733663 | Y17: 69.14 | Z17: 1등급 | AA17: 100 | AB17: 만점 | AC17: 10 | AD17: 만점 | AE17: 0 | AF17: 0 | AG17: 0 | AL17: 연세대 의예 | AM17: 자연 | AN17: 100 | AO17: 0 | AP17: 0 | AQ17: 0 | AR17: 0.27 → 0.27 | BA17: 자연4
B18: 0.33 | C18: 716 | D18: 0 | F18: 99.67 | G18: 423.85 | I18: 울산대 | J18: 의예 | K18: 자연 | L18: 11 | M18: 980.99 / | N18: 1000 | O18: 표점/만점 | P18: 표점/만점 | Q18: 2과목 | R18: 20 | S18: 30 | T18: 30 | U18: 99.67 | V18: 142.69305 | W18: 143.69305 | X18: 68.731946 | Z18: 1등급 | AA18: 190 | AB18: 만점 | AC18: 10 | AD18: 만점 | AE18: 0 | AF18: 0 | AG18: 0 | AL18: 울산대 의예 | AM18: 자연 | AN18: 100 | AO18: 0 | AP18: 0 | AQ18: 0 | AR18: 0.34 → 0.34 | BA18: 자연5
B19: 0.37 | C19: 803 | D19: 0 | F19: 99.63 | G19: 423.14 | I19: 고려대 | J19: 의예 | K19: 자연 | L19: 27 | M19: 724.53 / | N19: 1000 | O19: 표점 | P19: 변표 | Q19: 2과목 | R19: 31 | S19: 38 | T19: 31 | U19: 99.63 | V19: 142.34009 | W19: 143.34009 | X19: 68.729915 | Y19: 71.48 | Z19: 1등급 | AA19: 0 | AB19: 만점 | AC19: 10 | AD19: 만점 | AE19: 0 | AF19: 0 | AG19: 0 | AL19: 고려대 의예 | AM19: 자연 | AN19: 100 | AO19: 0 | AP19: 0 | AQ19: 0 | AR19: 0.38 → 0.38 | BA19: 자연6
B20: 0.38 | C20: 825 | D20: 0 | F20: 99.62 | G20: 422.94 | I20: 서울대 | J20: 치의학 | K20: 자연 | L20: 10 | M20: 427.1 / | N20: 600 | O20: 표점 | P20: 표점 | Q20: 2과목 | R20: 33 | S20: 40 | T20: 27 | U20: 99.62 | V20: 142.23979 | W20: 143.23979 | X20: 68.730215 | Z20: 1등급 | AA20: 0 | AB20: 만점 | AC20: 0 | AD20: 만점 | AE20: 0 | AF20: 3 | AG20: 0 | AH20: 과탐Ⅱ3점 가산 | AL20: 서울대 치의학 | AM20: 자연 | AN20: 100 | AO20: 0 | AP20: 0 | AQ20: 0 | AR20: 0.39 → 0.39 | BA20: 자연7
B21: 0.55 | C21: 1,194 | D21: 0 | F21: 99.49 | G21: 421.06 | I21: 한양대 | J21: 의예 | K21: 자연 | L21: 68 | M21: 974.45 / | N21: 1000 | O21: 표점/만점 | P21: 변표/만점 | Q21: 2과목 | R21: 20 | S21: 35 | T21: 35 | U21: 99.49 | V21: 141.63418 | W21: 141.96752 | X21: 68.729151 | Y21: 68.83 | Z21: 1등급 | AA21: 100 | AB21: 만점 | AC21: 0 | AD21: 만점 | AE21: 0 | AF21: 0 | AG21: 0 | AL21: 한양대 의예 | AM21: 자연 | AN21: 100 | AO21: 0 | AP21: 0 | AQ21: 0 | AR21: 0.56 → 0.56 | BA21: 자연8
B22: 0.56 | C22: 1,215 | D22: 0 | F22: 99.44 | G22: 420.74 | I22: 경희대 | J22: 의예 | K22: 자연 | L22: 44 | M22: 600.8 / | N22: 800 | O22: 표점 | P22: 변표 | Q22: 2과목 | R22: 20 | S22: 35 | T22: 30 | U22: 99.44 | V22: 141.47606 | W22: 141.8094 | X22: 68.727271 | Y22: 70.45 | Z22: 1등급 | AA22: 120 | AB22: 만점 | AC22: 0 | AD22: 만점 | AE22: 0 | AF22: 0 | AG22: 0 | AL22: 경희대 의예 | AM22: 자연 | AN22: 100 | AO22: 0 | AP22: 0 | AQ22: 0 | AR22: 0.57 → 0.57 | BA22: 자연9
B23: 0.61 | C23: 1,324 | D23: 61 | F23: 99.29 | G23: 419.72 | I23: 아주대 | J23: 의예 | K23: 자연 | L23: 10 | M23: 968.09 / | N23: 1000 | O23: 표점/만점 | P23: 변표/만점 | Q23: 2과목 | R23: 20 | S23: 40 | T23: 30 | U23: 99.29 | V23: 140.96407 | W23: 141.30938 | X23: 68.723276 | Y23: 71.12 | Z23: 1등급 | AA23: 100 | AB23: 만점 | AC23: 0 | AD23: 만점 | AE23: 0 | AF23: 0 | AG23: 0 | AL23: 아주대 의예 | AM23: 자연 | AN23: 100 | AO23: 61 | AP23: 61 | AQ23: 0 | AR23: 0.61 → 0.64 | BA23: 자연10
B24: 0.65 | C24: 1,411 | D24: 18 | F24: 99.24 | G24: 419.26 | I24: 중앙대 | J24: 의학 | K24: 자연 | L24: 45 | M24: 817.23 / | N24: 1000 | O24: 표점 | P24: 변표 | Q24: 2과목 | R24: 25 | S24: 40 | T24: 35 | U24: 99.24 | V24: 140.6866 | W24: 141.1244 | X24: 68.724504 | Y24: 71.18 | Z24: 1등급 | AA24: 100 | AB24: 만점 | AC24: 10 | AD24: 만점 | AE24: 0 | AF24: 0 | AG24: 0 | AL24: 중앙대 의학 | AM24: 자연 | AN24: 30% | AO24: 18 | AP24: 18 | AQ24: 0 | AR24: 0.65 → 0.66 | BA24: 자연11
B25: 0.69 | C25: 1,497 | D25: 71 | F25: 99.18 | G25: 418.79 | I25: 한림대 | J25: 의예 | K25: 자연 | L25: 37 | M25: 967.54 / | N25: 1000 | O25: 표점/만점 | P25: 표점/만점 | Q25: 2과목 | R25: 20 | S25: 40 | T25: 30 | U25: 99.18 | V25: 140.4239 | W25: 140.94926 | X25: 68.70842 | Z25: 1등급 | AA25: 100 | AB25: 만점 | AC25: 0 | AD25: 만점 | AE25: 0 | AF25: 0 | AG25: 0 | AL25: 한림대 의예 | AM25: 자연 | AN25: 100 | AO25: 71 | AP25: 71 | AQ25: 0 | AR25: 0.69 → 0.72 | BA25: 자연12
B26: 0.77 | C26: 1,671 | D26: 363 | F26: 99.04 | G26: 417.39 | I26: 충남대 | J26: 의예 | K26: 자연 | L26: 13 | M26: 208.95 / | N26: 300 | O26: 표점 | P26: 표점 | Q26: 2과목 | R26: 25 | S26: 45 | T26: 30 | U26: 99.04 | V26: 139.69244 | W26: 140.46163 | X26: 68.617968 | Z26: 1등급 | AA26: 0 | AB26: 만점 | AC26: 0 | AD26: 만점 | AE26: 0 | AF26: 0 | AG26: 0 | AL26: 충남대 의예 | AM26: 자연 | AN26: 100 | AO26: 363 | AP26: 363 | AQ26: 0 | AR26: 0.78 → 0.94 | BA26: 자연13
B27: 0.78 | C27: 1,693 | D27: 485 | F27: 99.02 | G27: 417.23 | I27: 인하대 | J27: 의예 | K27: 자연 | L27: 16 | M27: 966.4 / | N27: 1000 | O27: 표점/만점 | P27: 변표/만점 | Q27: 2과목 | R27: 20 | S27: 30 | T27: 25 | U27: 99.02 | V27: 139.61231 | W27: 140.40821 | X27: 68.604738 | Y27: 71.03 | Z27: 1등급 | AA27: 200 | AB27: 만점 | AC27: 50 | AD27: 만점 | AE27: 0 | AF27: 0 | AG27: 0 | AL27: 인하대 의예 | AM27: 자연 | AN27: 100 | AO27: 485 | AP27: 485 | AQ27: 0 | AR27: 0.79 → 1.01 | BA27: 자연14
B28: 0.80 | C28: 1,736 | D28: 485 | F28: 99.00 | G28: 417.02 | I28: 가천대 | J28: 의예 | K28: 자연 | L28: 15 | M28: 98.8 / | N28: 100 | O28: 백분위 | P28: 백분위 | Q28: 2과목 | R28: 25 | S28: 30 | T28: 25 | U28: 99.00 | V28: 139.5 | W28: 140.33333 | X28: 68.593333 | Z28: 1등급 | AA28: 19.6 | AB28: 만점 | AC28: 0 | AD28: 만점 | AE28: 0 | AF28: 0 | AG28: 0 | AL28: 가천대 의예 | AM28: 자연 | AN28: 100 | AO28: 485 | AP28: 485 | AQ28: 0 | AR28: 0.80 → 1.02 | BA28: 자연15
B29: 0.81 | C29: 1,758 | D29: 485 | F29: 98.98 | G29: 416.80 | I29: 부산대 | J29: 의예 | K29: 자연 | L29: 25 | M29: 765.5 / | N29: 1000 | O29: 표점 | P29: 표점 | Q29: 2과목 | R29: 20 | S29: 30 | T29: 30 | U29: 98.98 | V29: 139.38741 | W29: 140.25827 | X29: 68.57716 | Z29: 1등급 | AA29: 200 | AB29: 만점 | AC29: 10 | AD29: 만점 | AE29: 0 | AF29: 0 | AG29: 0 | AL29: 부산대 의예 | AM29: 자연 | AN29: 100 | AO29: 485 | AP29: 485 | AQ29: 0 | AR29: 0.81 → 1.03 | BA29: 자연16
B30: 0.81 | C30: 1,758 | D30: 364 | F30: 98.96 | G30: 416.59 | I30: 서울대 | J30: 수리과학 | K30: 자연 | L30: 10 | M30: 420.2 / | N30: 600 | O30: 표점 | P30: 표점 | Q30: 2과목 | R30: 33 | S30: 40 | T30: 27 | U30: 98.96 | V30: 139.27928 | W30: 140.18619 | X30: 68.562266 | Z30: 1등급 | AA30: 0 | AB30: 만점 | AC30: 0 | AD30: 만점 | AE30: 0 | AF30: 3 | AG30: 0 | AH30: 과탐Ⅱ3점 가산 | AL30: 서울대 수리과학 | AM30: 자연 | AN30: 75% | AO30: 364 | AP30: 364 | AQ30: 0 | AR30: 0.82 → 0.99 | BA30: 자연17
B31: 0.82 | C31: 1,779 | D31: 485 | F31: 98.94 | G31: 416.43 | I31: 이화여대 | J31: 의예 | K31: 자연 | L31: 55 | M31: 973.2 / | N31: 1000 | O31: 표점/만점 | P31: 변표/만점 | Q31: 2과목 | R31: 25 | S31: 30 | T31: 25 | U31: 98.94 | V31: 139.19824 | W31: 140.13216 | X31: 68.549796 | Y31: 70.94 | Z31: 1등급 | AA31: 200 | AB31: 만점 | AC31: 10 | AD31: 만점 | AE31: 0 | AF31: 0 | AG31: 0 | AL31: 이화여대 의예 | AM31: 자연 | AN31: 100 | AO31: 485 | AP31: 485 | AQ31: 0 | AR31: 0.83 → 1.05 | BA31: 자연18
B32: 0.82 | C32: 1,779 | D32: 485 | F32: 98.92 | G32: 416.24 | I32: 경북대 | J32: 의예 | K32: 자연 | L32: 22 | M32: 748.75 / | N32: 1000 | O32: 표점 | P32: 변표 | Q32: 2과목 | R32: 25 | S32: 38 | T32: 25 | U32: 98.92 | V32: 139.1 | W32: 140.06667 | X32: 68.536667 | Y32: 70.9 | Z32: 1등급 | AA32: 125 | AB32: 만점 | AC32: 10 | AD32: 만점 | AE32: 0 | AF32: 0 | AG32: 0 | AL32: 경북대 의예 | AM32: 자연 | AN32: 100 | AO32: 485 | AP32: 485 | AQ32: 0 | AR32: 0.83 → 1.05 | BA32: 자연19
B33: 0.83 | C33: 1,801 | D33: 364 | F33: 98.92 | G33: 416.20 | I33: 서울대 | J33: 약학 | K33: 자연 | L33: 10 | M33: 419.8 / | N33: 600 | O33: 표점 | P33: 표점 | Q33: 2과목 | R33: 33 | S33: 40 | T33: 27 | U33: 98.92 | V33: 139.08036 | W33: 140.05358 | X33: 68.533031 | Z33: 1등급 | AA33: 0 | AB33: 만점 | AC33: 0 | AD33: 만점 | AE33: 0 | AF33: 3 | AG33: 0 | AH33: 과탐Ⅱ3점 가산 | AL33: 서울대 약학 | AM33: 자연 | AN33: 75% | AO33: 364 | AP33: 364 | AQ33: 0 | AR33: 0.84 → 1.00 | BA33: 자연20
B34: 0.83 | C34: 1,801 | D34: 146 | F34: 98.90 | G34: 416.00 | I34: 인제대 | J34: 의예 | K34: 자연 | L34: 22 | M34: 551 / | N34: 800 | O34: 표점 | P34: 표점 | Q34: 2과목 | R34: 25 | S34: 25 | T34: 25 | U34: 98.90 | V34: 138.98342 | W34: 139.97513 | X34: 68.520723 | Z34: 1등급 | AA34: 135 | AB34: 만점 | AC34: 0 | AD34: 만점 | AE34: 0 | AF34: 0 | AG34: 0 | AL34: 인제대 의예 | AM34: 자연 | AN34: 30% | AO34: 146 | AP34: 146 | AQ34: 0 | AR34: 0.84 → 0.91 | BA34: 자연21
B35: 0.86 | C35: 1,866 | D35: 243 | F35: 98.84 | G35: 415.42 | I35: 연세대 | J35: 치의예 | K35: 자연 | L35: 26 | M35: 736.083 / | N35: 1000 | O35: 표점 | P35: 변표 | Q35: 2과목 | R35: 22 | S35: 33 | T35: 33 | U35: 98.84 | V35: 138.78341 | W35: 139.67511 | X35: 68.480742 | Y35: 68.4 | Z35: 1등급 | AA35: 111.11 | AB35: 만점 | AC35: 10 | AD35: 만점 | AE35: 0 | AF35: 0 | AG35: 0 | AL35: 연세대 치의예 | AM35: 자연 | AN35: 50% | AO35: 243 | AP35: 243 | AQ35: 0 | AR35: 0.87 → 0.98 | BA35: 자연22
B36: 0.96 | C36: 2,083 | D36: 153 | F36: 98.73 | G36: 414.38 | I36: 순천향대 | J36: 의예 | K36: 자연 | L36: 27 | M36: 1005.7 / | N36: 200 | O36: 백분위 | P36: 백분위 | Q36: 2과목 | R36: 20 | S36: 30 | T36: 20 | U36: 98.73 | V36: 138.44444 | W36: 139.16667 | X36: 68.384444 | Z36: 1등급 | AA36: 57.6 | AB36: 만점 | AC36: 0 | AD36: 만점 | AE36: 0 | AF36: 9.873 | AG36: 0 | AH36: 미/기/과탐 10%가산 | AL36: 순천향대 의예 | AM36: 자연 | AN36: 30% | AO36: 153 | AP36: 153 | AQ36: 0 | AR36: 0.97 → 1.04 | BA36: 자연23
B37: 0.96 | C37: 2,083 | D37: 307 | F37: 98.73 | G37: 414.35 | I37: 경희대 | J37: 치의예 | K37: 자연 | L37: 33 | M37: 591.47 / | N37: 800 | O37: 표점 | P37: 변표 | Q37: 2과목 | R37: 20 | S37: 35 | T37: 30 | U37: 98.73 | V37: 138.43291 | W37: 139.14936 | X37: 68.383865 | Y37: 69.14 | Z37: 1등급 | AA37: 120 | AB37: 만점 | AC37: 0 | AD37: 만점 | AE37: 0 | AF37: 0 | AG37: 0 | AL37: 경희대 치의예 | AM37: 자연 | AN37: 60% | AO37: 307 | AP37: 307 | AQ37: 0 | AR37: 0.97 → 1.11 | BA37: 자연24
B38: 0.98 | C38: 2,127 | D38: 511 | F38: 98.72 | G38: 414.20 | I38: 경희대 | J38: 한의예(자연) | K38: 자연 | L38: 32 | M38: 591.27 / | N38: 800 | O38: 표점 | P38: 변표 | Q38: 2과목 | R38: 20 | S38: 35 | T38: 30 | U38: 98.72 | V38: 138.38533 | W38: 139.07799 | X38: 68.368343 | Y38: 69.12 | Z38: 1등급 | AA38: 120 | AB38: 만점 | AC38: 0 | AD38: 만점 | AE38: 0 | AF38: 0 | AG38: 0 | AL38: 경희대 한의예(자연) | AM38: 자연 | AN38: 100 | AO38: 511 | AP38: 511 | AQ38: 0 | AR38: 0.99 → 1.22 | BA38: 자연25
B39: 0.99 | C39: 2,148 | D39: 511 | F39: 98.71 | G39: 414.11 | I39: 대구가톨릭대 | J39: 의예 | K39: 자연 | L39: 10 | M39: 557.15 / | N39: 800 | O39: 표점 | P39: 표점/만점 | Q39: 2과목 | R39: 30 | S39: 30 | T39: 13 | U39: 98.71 | V39: 138.3583 | W39: 139.03746 | X39: 68.357121 | Z39: 1등급 | AA39: 120 | AB39: 만점 | AC39: 5 | AD39: 만점 | AE39: 0 | AF39: 0 | AG39: 0 | AL39: 대구가톨릭대 의예 | AM39: 자연 | AN39: 100 | AO39: 511 | AP39: 511 | AQ39: 0 | AR39: 1.00 → 1.23 | BA39: 자연26
B40: 1.00 | C40: 2,170 | D40: 511 | F40: 98.70 | G40: 414.00 | I40: 동아대 | J40: 의예 | K40: 자연 | L40: 9 | M40: 615 / | N40: 800 | O40: 표점 | P40: 표점 | Q40: 2과목 | R40: 25 | S40: 25 | T40: 25 | U40: 98.70 | V40: 138.32628 | W40: 138.97884 | X40: 68.347438 | Z40: 1등급 | AA40: 200 | AB40: 만점 | AC40: 1 | AD40: 만점 | AE40: 0 | AF40: 0 | AG40: 0 | AL40: 동아대 의예 | AM40: 자연 | AN40: 100 | AO40: 511 | AP40: 511 | AQ40: 0 | AR40: 1.01 → 1.24 | BA40: 자연27
B41: 1.01 | C41: 2,192 | D41: 383 | F41: 98.69 | G41: 413.86 | I41: 서울대 | J41: 전기정보공 | K41: 자연 | L41: 52 | M41: 417.3 / | N41: 600 | O41: 표점 | P41: 표점 | Q41: 2과목 | R41: 33 | S41: 40 | T41: 27 | U41: 98.69 | V41: 138.29566 | W41: 138.88697 | X41: 68.338683 | Z41: 1등급 | AA41: 0 | AB41: 만점 | AC41: 0 | AD41: 만점 | AE41: 0 | AF41: 3 | AG41: 0 | AH41: 과탐Ⅱ3점 가산 | AL41: 서울대 전기정보공 | AM41: 자연 | AN41: 75% | AO41: 383 | AP41: 383 | AQ41: 0 | AR41: 1.01 → 1.19 | BA41: 자연28
B42: 1.02 | C42: 2,213 | D42: 102 | E42: 413.71 | F42: 99.05 | G42: 415.47 | I42: 이화여대 | J42: 의예(인문) | K42: 통합 | L42: 8 | M42: 972.51 / | N42: 1000 | O42: 표점/만점 | P42: 변표/만점 | Q42: 2과목 | R42: 30 | S42: 30 | T42: 20 | U42: 99.05 | V42: 139.74733 | W42: 140.49822 | X42: 67.612222 | Y42: 68.87 | Z42: 1등급 | AA42: 200 | AB42: 만점 | AC42: 10 | AD42: 만점 | AE42: 0 | AF42: 0 | AG42: 0 | AL42: 이화여대 의예(인문) | AM42: 통합 | AN42: 20% | AO42: 102 | AP42: 96 | AQ42: 6 | AR42: 1.02 → 1.06 | BA42: 통합인문1
B43: 1.02 | C43: 2,213 | D43: 511 | F43: 98.68 | G43: 413.71 | I43: 전남대 | J43: 의예(지역) | K43: 자연 | L43: 13 | M43: 969.462 / | N43: 800 | O43: 표점/만점 | P43: 표점/만점 | Q43: 2과목 | R43: 30 | S43: 40 | T43: 30 | U43: 98.68 | V43: 138.2635 | W43: 138.79051 | X43: 68.327991 | Z43: 1등급 | AA43: 200 | AB43: 만점 | AC43: 10 | AD43: 만점 | AE43: 0 | AF43: 0 | AG43: 0 | AL43: 전남대 의예(지역) | AM43: 자연 | AN43: 100 | AO43: 511 | AP43: 511 | AQ43: 0 | AR43: 1.02 → 1.26 | BA43: 자연29
B44: 1.02 | C44: 2,213 | D44: 511 | F44: 98.67 | G44: 413.63 | I44: 고신대 | J44: 의예 | K44: 자연 | L44: 13 | M44: 685.5 / | N44: 1000 | O44: 표점 | P44: 표점 | Q44: 2과목 | R44: 20 | S44: 30 | T44: 20 | U44: 98.67 | V44: 138.2467 | W44: 138.74011 | X44: 68.321594 | Z44: 1등급 | AA44: 202.5 | AB44: 만점 | AC44: 0 | AD44: 만점 | AE44: 0 | AF44: 0 | AG44: 0 | AL44: 고신대 의예 | AM44: 자연 | AN44: 100 | AO44: 511 | AP44: 511 | AQ44: 0 | AR44: 1.03 → 1.26 | BA44: 자연30
B45: 1.03 | C45: 2,235 | D45: 307 | F45: 98.67 | G45: 413.52 | I45: 조선대 | J45: 치의예 | K45: 자연 | L45: 15 | M45: 802 / | N45: 800 | O45: 백분위 | P45: 백분위 | Q45: 1과목 | R45: 25 | S45: 35 | T45: 15 | U45: 98.67 | V45: 138.22222 | W45: 138.66667 | X45: 68.315556 | Z45: 1등급 | AA45: 200 | AB45: 만점 | AC45: 10 | AD45: 만점 | AE45: 0 | AF45: 0 | AG45: 0 | AL45: 조선대 치의예 | AM45: 자연 | AN45: 60% | AO45: 307 | AP45: 307 | AQ45: 0 | AR45: 1.03 → 1.17 | BA45: 자연31
B46: 1.03 | C46: 2,235 | D46: 571 | F46: 98.66 | G46: 413.41 | I46: 건국(충주) | J46: 의예 | K46: 자연 | L46: 10 | M46: 962.8 / | N46: 1000 | O46: 표점/만점 | P46: 표점/만점 | Q46: 2과목 | R46: 20 | S46: 30 | T46: 30 | U46: 98.66 | V46: 138.19845 | W46: 138.59536 | X46: 68.308093 | Z46: 1등급 | AA46: 200 | AB46: 만점 | AC46: 0 | AD46: 만점 | AE46: 0 | AF46: 0 | AG46: 0 | AL46: 건국(충주) 의예 | AM46: 자연 | AN46: 100 | AO46: 571 | AP46: 571 | AQ46: 0 | AR46: 1.04 → 1.30 | BA46: 자연32
B47: 1.04 | C47: 2,257 | D47: 571 | F47: 98.65 | G47: 413.32 | I47: 충남대 | J47: 의예(지역) | K47: 자연 | L47: 26 | M47: 206.8 / | N47: 300 | O47: 표점 | P47: 표점 | Q47: 2과목 | R47: 25 | S47: 45 | T47: 30 | U47: 98.65 | V47: 138.1793 | W47: 138.53789 | X47: 68.301406 | Z47: 1등급 | AA47: 0 | AB47: 만점 | AC47: 0 | AD47: 만점 | AE47: 0 | AF47: 0 | AG47: 0 | AL47: 충남대 의예(지역) | AM47: 자연 | AN47: 100 | AO47: 571 | AP47: 571 | AQ47: 0 | AR47: 1.04 → 1.30 | BA47: 자연33
B48: 1.05 | C48: 2,279 | D48: 343 | F48: 98.64 | G48: 413.04 | I48: 부산대 | J48: 치의학(학.석사) | K48: 자연 | L48: 5 | M48: 760.5 / | N48: 1000 | O48: 표점 | P48: 표점 | Q48: 2과목 | R48: 20 | S48: 30 | T48: 30 | U48: 98.64 | V48: 138.11983 | W48: 138.35948 | X48: 68.280347 | Z48: 1등급 | AA48: 200 | AB48: 만점 | AC48: 10 | AD48: 만점 | AE48: 0 | AF48: 0 | AG48: 0 | AL48: 부산대 치의학(학.석사) | AM48: 자연 | AN48: 60% | AO48: 343 | AP48: 343 | AQ48: 0 | AR48: 1.06 → 1.21 | BA48: 자연34
B49: 1.05 | C49: 2,279 | D49: 598 | F49: 98.63 | G49: 413.01 | I49: 전남대 | J49: 의예 | K49: 자연 | L49: 19 | M49: 968.075 / | N49: 800 | O49: 표점/만점 | P49: 표점/만점 | Q49: 2과목 | R49: 30 | S49: 40 | T49: 30 | U49: 98.63 | V49: 138.11306 | W49: 138.33919 | X49: 68.27887 | Z49: 1등급 | AA49: 200 | AB49: 만점 | AC49: 10 | AD49: 만점 | AE49: 0 | AF49: 0 | AG49: 0 | AL49: 전남대 의예 | AM49: 자연 | AN49: 100 | AO49: 598 | AP49: 598 | AQ49: 0 | AR49: 1.06 → 1.33 | BA49: 자연35
B50: 1.07 | C50: 2,322 | D50: 449 | F50: 98.61 | G50: 412.59 | I50: 서울대 | J50: 자유 | K50: 통합 | L50: 50 | M50: 412.9 / | N50: 600 | O50: 표점 | P50: 표점 | Q50: 2과목 | R50: 33 | S50: 40 | T50: 27 | U50: 98.61 | V50: 138.02223 | W50: 138.06669 | X50: 68.25054 | Z50: 1등급 | AA50: 0 | AB50: 만점 | AC50: 0 | AD50: 만점 | AE50: 0 | AF50: 0 | AG50: 0 | AL50: 서울대 자유 | AM50: 통합 | AN50: 75% | AO50: 449 | AP50: 427 | AQ50: 22 | AR50: 1.09 → 1.28 | BA50: 통합인문2
B51: 1.08 | C51: 2,344 | D51: 636 | F51: 98.60 | G51: 412.50 | I51: 전북대 | J51: 의예 | K51: 자연 | L51: 29 | M51: 382.27 / | N51: 500 | O51: 표점 | P51: 변표 | Q51: 2과목 | R51: 30 | S51: 40 | T51: 30 | U51: 98.60 | V51: 138.00464 | W51: 138.01391 | X51: 68.240725 | Y51: 70.5 | Z51: 1등급 | AA51: 30 | AB51: 만점 | AC51: 5 | AD51: 만점 | AE51: 0 | AF51: 0 | AG51: 0 | AL51: 전북대 의예 | AM51: 자연 | AN51: 100 | AO51: 636 | AP51: 636 | AQ51: 0 | AR51: 1.09 → 1.38 | BA51: 자연36
B52: 1.10 | C52: 2,387 | D52: 636 | F52: 98.57 | G52: 412.30 | I52: 성균관대 | J52: 약학 | K52: 자연 | L52: 30 | M52: 692.23 / | N52: 1000 | O52: 표점 | P52: 변표 | Q52: 2과목 | R52: 30 | S52: 35 | T52: 25 | U52: 98.57 | V52: 137.92338 | W52: 137.95622 | X52: 68.210204 | Y52: 71.17 | Z52: 1등급 | AA52: 66 | AB52: 만점 | AC52: 0 | AD52: 만점 | AE52: 0 | AF52: 0 | AG52: 0 | AH52: 영어2등급 까지 만점 | AL52: 성균관대 약학 | AM52: 자연 | AN52: 100 | AO52: 636 | AP52: 636 | AQ52: 0 | AR52: 1.11 → 1.40 | BA52: 자연37
B53: 1.10 | C53: 2,387 | D53: 636 | F53: 98.57 | G53: 412.28 | I53: 을지대 | J53: 의예 | K53: 자연 | L53: 15 | M53: 992.1 / | N53: 1000 | O53: 백분위 | P53: 백분위 | Q53: 2과목 | R53: 30 | S53: 30 | T53: 30 | U53: 98.57 | V53: 137.91667 | W53: 137.95238 | X53: 68.205476 | Z53: 1등급 | AA53: 100 | AB53: 만점 | AC53: 5 | AD53: 만점 | AE53: 0 | AF53: 0 | AG53: 0 | AL53: 을지대 의예 | AM53: 자연 | AN53: 100 | AO53: 636 | AP53: 636 | AQ53: 0 | AR53: 1.11 → 1.40 | BA53: 자연38
B54: 1.11 | C54: 2,409 | D54: 678 | F54: 98.55 | G54: 412.18 | I54: 연세대(미래) | J54: 의예 | K54: 자연 | L54: 21 | M54: 737.27 / | N54: 1000 | O54: 표점 | P54: 변표 | Q54: 2과목 | R54: 22 | S54: 33 | T54: 33 | U54: 98.55 | V54: 137.87395 | W54: 137.92797 | X54: 68.189039 | Y54: 69.93 | Z54: 1등급 | AA54: 111.11 | AB54: 만점 | AC54: 10 | AD54: 만점 | AE54: 0 | AF54: 0 | AG54: 0 | AL54: 연세대(미래) 의예 | AM54: 자연 | AN54: 100 | AO54: 678 | AP54: 678 | AQ54: 0 | AR54: 1.12 → 1.43 | BA54: 자연39
B55: 1.13 | C55: 2,452 | D55: 678 | F55: 98.53 | G55: 412.08 | I55: 조선대 | J55: 의예 | K55: 자연 | L55: 25 | M55: 801.2 / | N55: 800 | O55: 백분위 | P55: 백분위 | Q55: 1과목 | R55: 25 | S55: 35 | T55: 15 | U55: 98.53 | V55: 137.83333 | W55: 137.90476 | X55: 68.170952 | Z55: 1등급 | AA55: 200 | AB55: 만점 | AC55: 10 | AD55: 만점 | AE55: 0 | AF55: 0 | AG55: 0 | AL55: 조선대 의예 | AM55: 자연 | AN55: 100 | AO55: 678 | AP55: 678 | AQ55: 0 | AR55: 1.13 → 1.44 | BA55: 자연40
B56: 1.14 | C56: 2,474 | D56: 509 | F56: 98.52 | G56: 411.98 | I56: 서울대 | J56: 수의예 | K56: 자연 | L56: 15 | M56: 415.3 / | N56: 600 | O56: 표점 | P56: 표점 | Q56: 2과목 | R56: 33 | S56: 40 | T56: 27 | U56: 98.52 | V56: 137.79566 | W56: 137.88323 | X56: 68.150553 | Z56: 1등급 | AA56: 0 | AB56: 만점 | AC56: 0 | AD56: 만점 | AE56: 0 | AF56: 3 | AG56: 0 | AH56: 과탐Ⅱ3점 가산 | AL56: 서울대 수의예 | AM56: 자연 | AN56: 75% | AO56: 509 | AP56: 509 | AQ56: 0 | AR56: 1.14 → 1.38 | BA56: 자연41
B57: 1.20 | C57: 2,604 | D57: 407 | F57: 98.44 | G57: 411.48 | I57: 경북대 | J57: 치의예 | K57: 자연 | L57: 18 | M57: 741.03 / | N57: 1000 | O57: 표점 | P57: 변표 | Q57: 2과목 | R57: 25 | S57: 38 | T57: 25 | U57: 98.44 | V57: 137.5884 | W57: 137.7648 | X57: 68.0634 | Y57: 70.3 | Z57: 1등급 | AA57: 125 | AB57: 만점 | AC57: 10 | AD57: 만점 | AE57: 0 | AF57: 0 | AG57: 0 | AL57: 경북대 치의예 | AM57: 자연 | AN57: 60% | AO57: 407 | AP57: 407 | AQ57: 0 | AR57: 1.21 → 1.39 | BA57: 자연42
B58: 1.26 | C58: 2,734 | D58: 678 | F58: 98.36 | G58: 411.00 | I58: 원광대 | J58: 의예 | K58: 자연 | L58: 22 | M58: 516 / | N58: 600 | O58: 표점 | P58: 표점 | Q58: 2과목 | R58: 33 | S58: 33 | T58: 33 | U58: 98.36 | V58: 137.39235 | W58: 137.65277 | X58: 67.977438 | Z58: 1등급 | AA58: 100 | AB58: 만점 | AC58: 5 | AD58: 만점 | AE58: 0 | AF58: 0 | AG58: 0 | AL58: 원광대 의예 | AM58: 자연 | AN58: 100 | AO58: 678 | AP58: 678 | AQ58: 0 | AR58: 1.27 → 1.58 | BA58: 자연43
B59: 1.30 | C59: 2,821 | D59: 509 | F59: 98.30 | G59: 410.65 | I59: 서울대 | J59: 컴퓨터공 | K59: 자연 | L59: 27 | M59: 414 / | N59: 600 | O59: 표점 | P59: 표점 | Q59: 2과목 | R59: 33 | S59: 40 | T59: 27 | U59: 98.30 | V59: 137.24989 | W59: 137.57136 | X59: 67.914375 | Z59: 1등급 | AA59: 0 | AB59: 만점 | AC59: 0 | AD59: 만점 | AE59: 0 | AF59: 3 | AG59: 0 | AH59: 과탐Ⅱ3점 가산 | AL59: 서울대 컴퓨터공 | AM59: 자연 | AN59: 75% | AO59: 509 | AP59: 509 | AQ59: 0 | AR59: 1.31 → 1.54 | BA59: 자연44
B60: 1.31 | C60: 2,843 | D60: 678 | F60: 98.28 | G60: 410.54 | I60: 경희대 | J60: 약학 | K60: 자연 | L60: 15 | M60: 586.3 / | N60: 800 | O60: 표점 | P60: 변표 | Q60: 2과목 | R60: 20 | S60: 35 | T60: 30 | U60: 98.28 | V60: 137.2059 | W60: 137.54623 | X60: 67.893939 | Y60: 68.32 | Z60: 1등급 | AA60: 120 | AB60: 만점 | AC60: 0 | AD60: 만점 | AE60: 0 | AF60: 0 | AG60: 0 | AL60: 경희대 약학 | AM60: 자연 | AN60: 100 | AO60: 678 | AP60: 678 | AQ60: 0 | AR60: 1.32 → 1.63 | BA60: 자연45
B61: 1.35 | C61: 2,930 | D61: 542 | F61: 98.23 | G61: 410.24 | I61: 서울대 | J61: 통계 | K61: 자연 | L61: 8 | M61: 413.6 / | N61: 600 | O61: 표점 | P61: 표점 | Q61: 2과목 | R61: 33 | S61: 40 | T61: 27 | U61: 98.23 | V61: 137.08207 | W61: 137.47547 | X61: 67.841229 | Z61: 1등급 | AA61: 0 | AB61: 만점 | AC61: 0 | AD61: 만점 | AE61: 0 | AF61: 3 | AG61: 0 | AH61: 과탐Ⅱ3점 가산 | AL61: 서울대 통계 | AM61: 자연 | AN61: 80% | AO61: 542 | AP61: 542 | AQ61: 0 | AR61: 1.35 → 1.60 | BA61: 자연46
B62: 1.38 | C62: 2,995 | D62: 678 | F62: 98.19 | G62: 409.96 | I62: 강원대 | J62: 의예 | K62: 자연 | L62: 15 | M62: 494.25 / | N62: 500 | O62: 백분위 | P62: 백분위 | Q62: 2과목 | R62: 20 | S62: 30 | T62: 30 | U62: 98.19 | V62: 136.96875 | W62: 137.41071 | X62: 67.790268 | Z62: 1등급 | AA62: 100 | AB62: 만점 | AC62: 1.5 | AD62: 만점 | AE62: 0 | AF62: 0 | AG62: 0 | AL62: 강원대 의예 | AM62: 자연 | AN62: 100 | AO62: 678 | AP62: 678 | AQ62: 0 | AR62: 1.38 → 1.69 | BA62: 자연47
B63: 1.38 | C63: 2,995 | D63: 678 | F63: 98.19 | G63: 409.96 | I63: 단국(천안) | J63: 의예 | K63: 자연 | L63: 25 | M63: 960.6 / | N63: 1000 | O63: 표점/만점 | P63: 백분위 | Q63: 2과목 | R63: 20 | S63: 40 | T63: 25 | U63: 98.19 | V63: 136.96599 | W63: 137.40914 | X63: 67.792438 | Z63: 1등급 | AA63: 150 | AB63: 만점 | AC63: 5 | AD63: 만점 | AE63: 0 | AF63: 6.137 | AG63: 0 | AH63: 과탐II 5%가산 | AL63: 단국(천안) 의예 | AM63: 자연 | AN63: 100 | AO63: 678 | AP63: 678 | AQ63: 0 | AR63: 1.38 → 1.69 | BA63: 자연48
B64: 1.41 | C64: 3,060 | D64: 678 | F64: 98.14 | G64: 409.68 | I64: 중앙대 | J64: 약학 | K64: 자연 | L64: 50 | M64: 800.5 / | N64: 1000 | O64: 표점 | P64: 변표 | Q64: 2과목 | R64: 25 | S64: 40 | T64: 35 | U64: 98.14 | V64: 136.85345 | W64: 137.34483 | X64: 67.740862 | Y64: 69.93 | Z64: 1등급 | AA64: 100 | AB64: 만점 | AC64: 10 | AD64: 만점 | AE64: 0 | AF64: 0 | AG64: 0 | AL64: 중앙대 약학 | AM64: 자연 | AN64: 100 | AO64: 678 | AP64: 678 | AQ64: 0 | AR64: 1.41 → 1.72 | BA64: 자연49
B65: 1.42 | C65: 3,081 | D65: 407 | F65: 98.12 | G65: 409.56 | I65: 전북대 | J65: 치의예 | K65: 자연 | L65: 5 | M65: 379.77 / | N65: 500 | O65: 표점 | P65: 변표 | Q65: 2과목 | R65: 30 | S65: 40 | T65: 30 | U65: 98.12 | V65: 136.80276 | W65: 137.31586 | X65: 67.72069 | Y65: 69.9 | Z65: 1등급 | AA65: 30 | AB65: 만점 | AC65: 5 | AD65: 만점 | AE65: 0 | AF65: 0 | AG65: 0 | AL65: 전북대 치의예 | AM65: 자연 | AN65: 60% | AO65: 407 | AP65: 407 | AQ65: 0 | AR65: 1.42 → 1.61 | BA65: 자연50
B66: 1.42 | C66: 3,081 | D66: 407 | F66: 98.12 | G66: 409.55 | I66: 전남대 | J66: 치의학(학.석사)(지역) | K66: 자연 | L66: 8 | M66: 961.814 / | N66: 800 | O66: 표점/만점 | P66: 표점/만점 | Q66: 2과목 | R66: 30 | S66: 40 | T66: 30 | U66: 98.12 | V66: 136.80103 | W66: 137.31487 | X66: 67.717048 | Z66: 1등급 | AA66: 200 | AB66: 만점 | AC66: 10 | AD66: 만점 | AE66: 0 | AF66: 0 | AG66: 0 | AL66: 전남대 치의학(학.석사)(지역) | AM66: 자연 | AN66: 60% | AO66: 407 | AP66: 407 | AQ66: 0 | AR66: 1.43 → 1.61 | BA66: 자연51
B67: 1.42 | C67: 3,081 | D67: 407 | F67: 98.12 | G67: 409.55 | I67: 전남대 | J67: 치의학(학.석사) | K67: 자연 | L67: 4 | M67: 961.814 / | N67: 800 | O67: 표점/만점 | P67: 표점/만점 | Q67: 2과목 | R67: 30 | S67: 40 | T67: 30 | U67: 98.12 | V67: 136.80103 | W67: 137.31487 | X67: 67.717048 | Z67: 1등급 | AA67: 200 | AB67: 만점 | AC67: 10 | AD67: 만점 | AE67: 0 | AF67: 0 | AG67: 0 | AL67: 전남대 치의학(학.석사) | AM67: 자연 | AN67: 60% | AO67: 407 | AP67: 407 | AQ67: 0 | AR67: 1.43 → 1.61 | BA67: 자연52
B68: 1.42 | C68: 3,081 | D68: 678 | F68: 98.11 | G68: 409.50 | I68: 영남대 | J68: 의예 | K68: 자연 | L68: 21 | M68: 796.4 / | N68: 800 | O68: 백분위 | P68: 백분위 | Q68: 2과목 | R68: 25 | S68: 35 | T68: 30 | U68: 98.11 | V68: 136.77778 | W68: 137.30159 | X68: 67.710317 | Z68: 1등급 | AA68: 80 | AB68: 만점 | AC68: 10 | AD68: 만점 | AE68: 0 | AF68: 0 | AG68: 0 | AL68: 영남대 의예 | AM68: 자연 | AN68: 100 | AO68: 678 | AP68: 678 | AQ68: 0 | AR68: 1.43 → 1.74 | BA68: 자연53
B69: 1.43 | C69: 3,103 | D69: 680 | F69: 98.10 | G69: 409.41 | I69: 경상대 | J69: 의예 | K69: 자연 | L69: 7 | M69: 1005.13 / | N69: 1000 | O69: 표점/만점 | P69: 표점/만점 | Q69: 2과목 | R69: 25 | S69: 30 | T69: 25 | U69: 98.10 | V69: 136.74124 | W69: 137.28071 | X69: 67.694029 | Z69: 1등급 | AA69: 200 | AB69: 만점 | AC69: 0 | AD69: 만점 | AE69: 0 | AF69: 52.405 | AG69: 0 | AH69: 미/기10%, 과탐5%, 과II 10%가산 | AL69: 경상대 의예 | AM69: 자연 | AN69: 100 | AO69: 680 | AP69: 680 | AQ69: 0 | AR69: 1.44 → 1.75 | BA69: 자연54
B70: 1.46 | C70: 3,168 | D70: 680 | F70: 98.07 | G70: 409.23 | I70: 조선대 | J70: 의예(지역) | K70: 자연 | L70: 26 | M70: 798.4 / | N70: 800 | O70: 백분위 | P70: 백분위 | Q70: 1과목 | R70: 25 | S70: 35 | T70: 15 | U70: 98.07 | V70: 136.66667 | W70: 137.2381 | X70: 67.662619 | Z70: 1등급 | AA70: 200 | AB70: 만점 | AC70: 10 | AD70: 만점 | AE70: 0 | AF70: 0 | AG70: 0 | AL70: 조선대 의예(지역) | AM70: 자연 | AN70: 100 | AO70: 680 | AP70: 680 | AQ70: 0 | AR70: 1.46 → 1.77 | BA70: 자연55
B71: 1.46 | C71: 3,168 | D71: 680 | F71: 98.06 | G71: 409.20 | I71: 건양대 | J71: 의학 | K71: 자연 | L71: 13 | M71: 984.5 / | N71: 1000 | O71: 백분위 | P71: 백분위 | Q71: 2과목 | R71: 20 | S71: 30 | T71: 30 | U71: 98.06 | V71: 136.65625 | W71: 137.23214 | X71: 67.655804 | Z71: 1등급 | AA71: 200 | AB71: 만점 | AC71: 0 | AD71: 만점 | AE71: 0 | AF71: 0 | AG71: 0 | AL71: 건양대 의학 | AM71: 자연 | AN71: 100 | AO71: 680 | AP71: 680 | AQ71: 0 | AR71: 1.47 → 1.78 | BA71: 자연56
B72: 1.49 | C72: 3,233 | D72: 510 | F72: 98.03 | G72: 409.01 | I72: 서울대 | J72: 산업공학 | K72: 자연 | L72: 12 | M72: 412.4 / | N72: 600 | O72: 표점 | P72: 표점 | Q72: 2과목 | R72: 33 | S72: 40 | T72: 27 | U72: 98.03 | V72: 136.57863 | W72: 137.18779 | X72: 67.62179 | Z72: 1등급 | AA72: 0 | AB72: 만점 | AC72: 0 | AD72: 만점 | AE72: 0 | AF72: 3 | AG72: 0 | AH72: 과탐Ⅱ3점 가산 | AL72: 서울대 산업공학 | AM72: 자연 | AN72: 75% | AO72: 510 | AP72: 510 | AQ72: 0 | AR72: 1.50 → 1.73 | BA72: 자연57
B73: 1.49 | C73: 3,233 | D73: 408 | F73: 98.03 | G73: 409.00 | I73: 원광대 | J73: 치의예(자연) | K73: 자연 | L73: 28 | M73: 514 / | N73: 600 | O73: 표점 | P73: 표점 | Q73: 2과목 | R73: 33 | S73: 33 | T73: 33 | U73: 98.03 | V73: 136.57395 | W73: 137.18511 | X73: 67.62047 | Z73: 1등급 | AA73: 100 | AB73: 만점 | AC73: 5 | AD73: 만점 | AE73: 0 | AF73: 0 | AG73: 0 | AL73: 원광대 치의예(자연) | AM73: 자연 | AN73: 60% | AO73: 408 | AP73: 408 | AQ73: 0 | AR73: 1.50 → 1.68 | BA73: 자연58
B74: 1.52 | C74: 3,298 | D74: 680 | F74: 98.00 | G74: 408.84 | I74: 동국대 | J74: 약학 | K74: 자연 | L74: 12 | M74: 735.03 / | N74: 1000 | O74: 표점 | P74: 변표 | Q74: 2과목 | R74: 25 | S74: 35 | T74: 25 | U74: 98.00 | V74: 136.50826 | W74: 137.14758 | X74: 67.592078 | Y74: 69.75 | Z74: 1등급 | AA74: 150 | AB74: 만점 | AC74: 0 | AD74: 만점 | AE74: 0 | AF74: 0 | AG74: 0 | AL74: 동국대 약학 | AM74: 자연 | AN74: 100 | AO74: 680 | AP74: 680 | AQ74: 0 | AR74: 1.52 → 1.83 | BA74: 자연59
B75: 1.52 | C75: 3,298 | D75: 680 | F75: 98.00 | G75: 408.82 | I75: 계명대 | J75: 의예 | K75: 자연 | L75: 24 | M75: 399 / | N75: 400 | O75: 백분위 | P75: 백분위 | Q75: 2과목 | R75: 25 | S75: 25 | T75: 25 | U75: 98.00 | V75: 136.5 | W75: 137.14286 | X75: 67.588571 | Z75: 1등급 | AA75: 100 | AB75: 만점 | AC75: 5 | AD75: 만점 | AE75: 0 | AF75: 0 | AG75: 0 | AL75: 계명대 의예 | AM75: 자연 | AN75: 100 | AO75: 680 | AP75: 680 | AQ75: 0 | AR75: 1.52 → 1.83 | BA75: 자연60
B76: 1.53 | C76: 3,320 | D76: 680 | F76: 97.98 | G76: 408.71 | I76: 건국대 | J76: 수의예 | K76: 자연 | L76: 42 | M76: 713.8 / | N76: 1000 | O76: 표점 | P76: 변표 | Q76: 2과목 | R76: 25 | S76: 35 | T76: 30 | U76: 97.98 | V76: 136.45648 | W76: 137.11799 | X76: 67.567766 | Y76: 67.76 | Z76: 1등급 | AA76: 100 | AB76: 만점 | AC76: 0 | AD76: 만점 | AE76: 0 | AF76: 0 | AG76: 0 | AL76: 건국대 수의예 | AM76: 자연 | AN76: 100 | AO76: 680 | AP76: 680 | AQ76: 0 | AR76: 1.53 → 1.84 | BA76: 자연61
B77: 1.53 | C77: 3,320 | D77: 680 | F77: 97.98 | G77: 408.70 | I77: 충북대 | J77: 의예 | K77: 자연 | L77: 16 | M77: 990.85 / | N77: 200 | O77: 표점/만점 | P77: 표점/만점 | Q77: 2과목 | R77: 20 | S77: 30 | T77: 30 | U77: 97.98 | V77: 136.45132 | W77: 137.11504 | X77: 67.566819 | Z77: 1등급 | AA77: 40 | AB77: 만점 | AC77: 0 | AD77: 만점 | AE77: 0 | AF77: 0 | AG77: 0 | AL77: 충북대 의예 | AM77: 자연 | AN77: 100 | AO77: 680 | AP77: 680 | AQ77: 0 | AR77: 1.53 → 1.84 | BA77: 자연62
B78: 1.54 | C78: 3,342 | D78: 510 | F78: 97.96 | G78: 408.60 | I78: 서울대 | J78: 물리 | K78: 자연 | L78: 13 | M78: 412 / | N78: 600 | O78: 표점 | P78: 표점 | Q78: 2과목 | R78: 33 | S78: 40 | T78: 27 | U78: 97.96 | V78: 136.41098 | W78: 137.09199 | X78: 67.548516 | Z78: 1등급 | AA78: 0 | AB78: 만점 | AC78: 0 | AD78: 만점 | AE78: 0 | AF78: 3 | AG78: 0 | AH78: 과탐Ⅱ3점 가산 | AL78: 서울대 물리 | AM78: 자연 | AN78: 75% | AO78: 510 | AP78: 510 | AQ78: 0 | AR78: 1.55 → 1.78 | BA78: 자연63
B79: 1.55 | C79: 3,364 | D79: 680 | E79: 408.52 | F79: 98.21 | G79: 408.52 | I79: 서울대 | J79: 경제 | K79: 통합 | L79: 54 | M79: 409.2 / | N79: 600 | O79: 표점 | P79: 표점 | Q79: 2과목 | R79: 33 | S79: 40 | T79: 27 | U79: 98.21 | V79: 137.02788 | W79: 137.4445 | X79: 67.023809 | Z79: 1등급 | AA79: 0 | AB79: 만점 | AC79: 0 | AD79: 만점 | AE79: 0 | AF79: 0 | AG79: 0 | AL79: 서울대 경제 | AM79: 통합 | AN79: 100 | AO79: 680 | AP79: 644 | AQ79: 36 | AR79: 1.55 → 1.85 | BA79: 통합인문3
B80: 1.57 | C80: 3,407 | D80: 680 | E80: 408.32 | F80: 98.17 | G80: 408.32 | I80: 서울대 | J80: 경영 | K80: 통합 | L80: 56 | M80: 409 / | N80: 600 | O80: 표점 | P80: 표점 | Q80: 2과목 | R80: 33 | S80: 40 | T80: 27 | U80: 98.17 | V80: 136.93688 | W80: 137.3925 | X80: 66.995309 | Z80: 1등급 | AA80: 0 | AB80: 만점 | AC80: 0 | AD80: 만점 | AE80: 0 | AF80: 0 | AG80: 0 | AL80: 서울대 경영 | AM80: 통합 | AN80: 100 | AO80: 680 | AP80: 644 | AQ80: 36 | AR80: 1.57 → 1.87 | BA80: 통합인문4
B81: 1.57 | C81: 3,407 | D81: 510 | F81: 97.91 | G81: 408.29 | I81: 서울대 | J81: 화학생물공 | K81: 자연 | L81: 27 | M81: 411.7 / | N81: 600 | O81: 표점 | P81: 표점 | Q81: 2과목 | R81: 33 | S81: 40 | T81: 27 | U81: 97.91 | V81: 136.28535 | W81: 137.0202 | X81: 67.492227 | Z81: 1등급 | AA81: 0 | AB81: 만점 | AC81: 0 | AD81: 만점 | AE81: 0 | AF81: 3 | AG81: 0 | AH81: 과탐Ⅱ3점 가산 | AL81: 서울대 화학생물공 | AM81: 자연 | AN81: 75% | AO81: 510 | AP81: 510 | AQ81: 0 | AR81: 1.58 → 1.81 | BA81: 자연64
B82: 1.58 | C82: 3,429 | D82: 681 | F82: 97.90 | G82: 408.23 | I82: 건국(충주) | J82: 의예(지역) | K82: 자연 | L82: 9 | M82: 953.4 / | N82: 1000 | O82: 표점/만점 | P82: 표점/만점 | Q82: 2과목 | R82: 20 | S82: 30 | T82: 30 | U82: 97.90 | V82: 136.25831 | W82: 137.00475 | X82: 67.483474 | Z82: 1등급 | AA82: 200 | AB82: 만점 | AC82: 0 | AD82: 만점 | AE82: 0 | AF82: 0 | AG82: 0 | AL82: 건국(충주) 의예(지역) | AM82: 자연 | AN82: 100 | AO82: 681 | AP82: 681 | AQ82: 0 | AR82: 1.58 → 1.89 | BA82: 자연65
B83: 1.60 | C83: 3,472 | D83: 682 | F83: 97.87 | G83: 408.02 | I83: 전북대 | J83: 의예(지역) | K83: 자연 | L83: 3 | M83: 378.5 / | N83: 500 | O83: 표점 | P83: 변표 | Q83: 2과목 | R83: 30 | S83: 40 | T83: 30 | U83: 97.87 | V83: 136.17541 | W83: 136.95027 | X83: 67.447159 | Y83: 69.62 | Z83: 1등급 | AA83: 30 | AB83: 만점 | AC83: 5 | AD83: 만점 | AE83: 0 | AF83: 0 | AG83: 0 | AL83: 전북대 의예(지역) | AM83: 자연 | AN83: 100 | AO83: 682 | AP83: 682 | AQ83: 0 | AR83: 1.60 → 1.91 | BA83: 자연66
B84: 1.60 | C84: 3,472 | D84: 682 | F84: 97.87 | G84: 408.00 | I84: 동아대 | J84: 의예(지역) | K84: 자연 | L84: 10 | M84: 609 / | N84: 800 | O84: 표점 | P84: 표점 | Q84: 2과목 | R84: 25 | S84: 25 | T84: 25 | U84: 97.87 | V84: 136.16856 | W84: 136.94571 | X84: 67.442868 | Z84: 1등급 | AA84: 200 | AB84: 만점 | AC84: 1 | AD84: 만점 | AE84: 0 | AF84: 0 | AG84: 0 | AL84: 동아대 의예(지역) | AM84: 자연 | AN84: 100 | AO84: 682 | AP84: 682 | AQ84: 0 | AR84: 1.60 → 1.91 | BA84: 자연67
B85: 1.60 | C85: 3,472 | D85: 683 | F85: 97.87 | G85: 408.00 | I85: 인제대 | J85: 의예(지역) | K85: 자연 | L85: 15 | M85: 543 / | N85: 800 | O85: 표점 | P85: 표점 | Q85: 2과목 | R85: 25 | S85: 25 | T85: 25 | U85: 97.87 | V85: 136.16856 | W85: 136.94571 | X85: 67.442868 | Z85: 1등급 | AA85: 135 | AB85: 만점 | AC85: 0 | AD85: 만점 | AE85: 0 | AF85: 0 | AG85: 0 | AL85: 인제대 의예(지역) | AM85: 자연 | AN85: 100 | AO85: 683 | AP85: 683 | AQ85: 0 | AR85: 1.60 → 1.92 | BA85: 자연68
B86: 1.60 | C86: 3,472 | D86: 683 | F86: 97.87 | G86: 408.00 | I86: 조선대 | J86: 약학 | K86: 자연 | L86: 12 | M86: 797.2 / | N86: 800 | O86: 백분위 | P86: 백분위 | Q86: 1과목 | R86: 25 | S86: 35 | T86: 15 | U86: 97.87 | V86: 136.16667 | W86: 136.94444 | X86: 67.444444 | Z86: 1등급 | AA86: 200 | AB86: 만점 | AC86: 10 | AD86: 만점 | AE86: 0 | AF86: 0 | AG86: 0 | AL86: 조선대 약학 | AM86: 자연 | AN86: 100 | AO86: 683 | AP86: 683 | AQ86: 0 | AR86: 1.60 → 1.92 | BA86: 자연69
B87: 1.60 | C87: 3,472 | D87: 684 | F87: 97.87 | G87: 407.99 | I87: 한양대(ERICA) | J87: 약학 | K87: 자연 | L87: 13 | M87: 957.06 / | N87: 1000 | O87: 표점/만점 | P87: 변표/만점 | Q87: 2과목 | R87: 25 | S87: 30 | T87: 25 | U87: 97.87 | V87: 136.16368 | W87: 136.94245 | X87: 67.441936 | Y87: 69.62 | Z87: 1등급 | AA87: 200 | AB87: 만점 | AC87: 10 | AD87: 만점 | AE87: 0 | AF87: 0 | AG87: 0 | AL87: 한양대(ERICA) 약학 | AM87: 자연 | AN87: 100 | AO87: 684 | AP87: 684 | AQ87: 0 | AR87: 1.61 → 1.92 | BA87: 자연70
B88: 1.61 | C88: 3,494 | D88: 684 | F88: 97.84 | G88: 407.85 | I88: 연세대 | J88: 약학 | K88: 자연 | L88: 13 | M88: 726.033 / | N88: 1000 | O88: 표점 | P88: 변표 | Q88: 2과목 | R88: 22 | S88: 33 | T88: 33 | U88: 97.84 | V88: 136.11005 | W88: 136.9067 | X88: 67.416627 | Y88: 67.66 | Z88: 1등급 | AA88: 111.11 | AB88: 만점 | AC88: 10 | AD88: 만점 | AE88: 0 | AF88: 0 | AG88: 0 | AL88: 연세대 약학 | AM88: 자연 | AN88: 100 | AO88: 684 | AP88: 684 | AQ88: 0 | AR88: 1.62 → 1.93 | BA88: 자연71
B89: 1.62 | C89: 3,515 | D89: 513 | F89: 97.83 | G89: 407.79 | I89: 서울대 | J89: 기계공 | K89: 자연 | L89: 32 | M89: 411.2 / | N89: 600 | O89: 표점 | P89: 표점 | Q89: 2과목 | R89: 33 | S89: 40 | T89: 27 | U89: 97.83 | V89: 136.08376 | W89: 136.88917 | X89: 67.408535 | Z89: 1등급 | AA89: 0 | AB89: 만점 | AC89: 0 | AD89: 만점 | AE89: 0 | AF89: 3 | AG89: 0 | AH89: 과탐Ⅱ3점 가산 | AL89: 서울대 기계공 | AM89: 자연 | AN89: 75% | AO89: 513 | AP89: 513 | AQ89: 0 | AR89: 1.63 → 1.86 | BA89: 자연72
B90: 1.64 | C90: 3,559 | D90: 685 | F90: 97.80 | G90: 407.58 | I90: 고신대 | J90: 의예(지역) | K90: 자연 | L90: 13 | M90: 678.5 / | N90: 1000 | O90: 표점 | P90: 표점 | Q90: 2과목 | R90: 20 | S90: 30 | T90: 20 | U90: 97.80 | V90: 136.00408 | W90: 136.83605 | X90: 67.369932 | Z90: 1등급 | AA90: 202.5 | AB90: 만점 | AC90: 0 | AD90: 만점 | AE90: 0 | AF90: 0 | AG90: 0 | AL90: 고신대 의예(지역) | AM90: 자연 | AN90: 100 | AO90: 685 | AP90: 685 | AQ90: 0 | AR90: 1.65 → 1.96 | BA90: 자연73
B91: 1.68 | C91: 3,646 | D91: 686 | F91: 97.75 | G91: 407.28 | I91: 제주대 | J91: 의예 | K91: 자연 | L91: 12 | M91: 992 / | N91: 1000 | O91: 백분위 | P91: 백분위 | Q91: 2과목 | R91: 20 | S91: 30 | T91: 30 | U91: 97.75 | V91: 135.9 | W91: 136.75 | X91: 67.315 | Z91: 1등급 | AA91: 200 | AB91: 만점 | AC91: 10 | AD91: 만점 | AE91: 0 | AF91: 0 | AG91: 0 | AL91: 제주대 의예 | AM91: 자연 | AN91: 100 | AO91: 686 | AP91: 686 | AQ91: 0 | AR91: 1.68 → 2.00 | BA91: 자연74
B92: 1.69 | C92: 3,667 | D92: 412 | F92: 97.73 | G92: 407.18 | I92: 조선대 | J92: 치의예(지역) | K92: 자연 | L92: 17 | M92: 796.4 / | N92: 800 | O92: 백분위 | P92: 백분위 | Q92: 1과목 | R92: 25 | S92: 35 | T92: 15 | U92: 97.73 | V92: 135.86667 | W92: 136.72222 | X92: 67.295556 | Z92: 1등급 | AA92: 200 | AB92: 만점 | AC92: 10 | AD92: 만점 | AE92: 0 | AF92: 0 | AG92: 0 | AL92: 조선대 치의예(지역) | AM92: 자연 | AN92: 60% | AO92: 412 | AP92: 412 | AQ92: 0 | AR92: 1.70 → 1.89 | BA92: 자연75
B93: 1.70 | C93: 3,689 | D93: 687 | F93: 97.72 | G93: 407.12 | I93: 영남대 | J93: 의예(지역) | K93: 자연 | L93: 18 | M93: 793.6 / | N93: 800 | O93: 백분위 | P93: 백분위 | Q93: 2과목 | R93: 25 | S93: 35 | T93: 30 | U93: 97.72 | V93: 135.84444 | W93: 136.7037 | X93: 67.285926 | Z93: 1등급 | AA93: 80 | AB93: 만점 | AC93: 10 | AD93: 만점 | AE93: 0 | AF93: 0 | AG93: 0 | AL93: 영남대 의예(지역) | AM93: 자연 | AN93: 100 | AO93: 687 | AP93: 687 | AQ93: 0 | AR93: 1.71 → 2.02 | BA93: 자연76
B94: 1.71 | C94: 3,711 | D94: 687 | F94: 97.72 | G94: 407.09 | I94: 가톨릭대 | J94: 약학 | K94: 자연 | L94: 10 | M94: 715.5 / | N94: 1000 | O94: 표점 | P94: 변표 | Q94: 2과목 | R94: 30 | S94: 40 | T94: 30 | U94: 97.72 | V94: 135.83588 | W94: 136.69657 | X94: 67.278777 | Y94: 69.46 | Z94: 1등급 | AA94: 20 | AB94: 만점 | AC94: 10 | AD94: 만점 | AE94: 0 | AF94: 0 | AG94: 0 | AL94: 가톨릭대 약학 | AM94: 자연 | AN94: 100 | AO94: 687 | AP94: 687 | AQ94: 0 | AR94: 1.71 → 2.02 | BA94: 자연77
B95: 1.73 | C95: 3,754 | D95: 516 | F95: 97.68 | G95: 406.87 | I95: 서울대 | J95: 생명과학 | K95: 자연 | L95: 21 | M95: 410.3 / | N95: 600 | O95: 표점 | P95: 표점 | Q95: 2과목 | R95: 33 | S95: 40 | T95: 27 | U95: 97.68 | V95: 135.75978 | W95: 136.63315 | X95: 67.238536 | Z95: 1등급 | AA95: 0 | AB95: 만점 | AC95: 0 | AD95: 만점 | AE95: 0 | AF95: 3 | AG95: 0 | AH95: 과탐Ⅱ3점 가산 | AL95: 서울대 생명과학 | AM95: 자연 | AN95: 75% | AO95: 516 | AP95: 516 | AQ95: 0 | AR95: 1.73 → 1.97 | BA95: 자연78
B96: 1.73 | C96: 3,754 | D96: 550 | F96: 97.68 | G96: 406.87 | I96: 서울대 | J96: 천문 | K96: 자연 | L96: 5 | M96: 410.3 / | N96: 600 | O96: 표점 | P96: 표점 | Q96: 2과목 | R96: 33 | S96: 40 | T96: 27 | U96: 97.68 | V96: 135.75978 | W96: 136.63315 | X96: 67.238536 | Z96: 1등급 | AA96: 0 | AB96: 만점 | AC96: 0 | AD96: 만점 | AE96: 0 | AF96: 3 | AG96: 0 | AH96: 물리/화학 필수, 과탐Ⅱ3점 가산 | AL96: 서울대 천문 | AM96: 자연 | AN96: 80% | AO96: 550 | AP96: 550 | AQ96: 0 | AR96: 1.73 → 1.98 | BA96: 자연79
B97: 1.77 | C97: 3,841 | D97: 516 | F97: 97.61 | G97: 406.46 | I97: 서울대 | J97: 첨단융합 | K97: 자연 | L97: 50 | M97: 409.9 / | N97: 600 | O97: 표점 | P97: 표점 | Q97: 2과목 | R97: 33 | S97: 40 | T97: 27 | U97: 97.61 | V97: 135.62064 | W97: 136.5172 | X97: 67.161076 | Z97: 1등급 | AA97: 0 | AB97: 만점 | AC97: 0 | AD97: 만점 | AE97: 0 | AF97: 3 | AG97: 0 | AH97: 과탐Ⅱ3점 가산 | AL97: 서울대 첨단융합 | AM97: 자연 | AN97: 75% | AO97: 516 | AP97: 516 | AQ97: 0 | AR97: 1.78 → 2.02 | BA97: 자연80
B98: 1.78 | C98: 3,863 | D98: 690 | E98: 406.41 | F98: 97.83 | G98: 406.41 | I98: 서울대 | J98: 정치외교 | K98: 통합 | L98: 18 | M98: 407.1 / | N98: 600 | O98: 표점 | P98: 표점 | Q98: 2과목 | R98: 33 | S98: 40 | T98: 27 | U98: 97.83 | V98: 136.08509 | W98: 136.89006 | X98: 66.717425 | Z98: 1등급 | AA98: 0 | AB98: 만점 | AC98: 0 | AD98: 만점 | AE98: 0 | AF98: 0 | AG98: 0 | AL98: 서울대 정치외교 | AM98: 통합 | AN98: 100 | AO98: 690 | AP98: 651 | AQ98: 39 | AR98: 1.79 → 2.09 | BA98: 통합인문5
B99: 1.79 | C99: 3,884 | D99: 689 | F99: 97.60 | G99: 406.37 | I99: 충북대 | J99: 의예(지역) | K99: 자연 | L99: 12 | M99: 990 / | N99: 200 | O99: 표점/만점 | P99: 표점/만점 | Q99: 2과목 | R99: 20 | S99: 30 | T99: 30 | U99: 97.60 | V99: 135.59002 | W99: 136.49169 | X99: 67.144145 | Z99: 1등급 | AA99: 40 | AB99: 만점 | AC99: 0 | AD99: 만점 | AE99: 0 | AF99: 0 | AG99: 0 | AL99: 충북대 의예(지역) | AM99: 자연 | AN99: 100 | AO99: 689 | AP99: 689 | AQ99: 0 | AR99: 1.80 → 2.11 | BA99: 자연81
B100: 1.79 | C100: 3,884 | D100: 690 | F100: 97.59 | G100: 406.35 | I100: 충남대 | J100: 약학 | K100: 자연 | L100: 5 | M100: 203.4 / | N100: 300 | O100: 표점 | P100: 표점 | Q100: 2과목 | R100: 25 | S100: 45 | T100: 30 | U100: 97.59 | V100: 135.58398 | W100: 136.48665 | X100: 67.139685 | Z100: 1등급 | AA100: 0 | AB100: 만점 | AC100: 0 | AD100: 만점 | AE100: 0 | AF100: 0 | AG100: 0 | AL100: 충남대 약학 | AM100: 자연 | AN100: 100 | AO100: 690 | AP100: 690 | AQ100: 0 | AR100: 1.80 → 2.11 | BA100: 자연82
...

Sheet  본인점수 입력 
B1: 환산점수 엑셀배치표 2025학년도 수능 실채점기준 (2024. 12. 08 제작)
B2: 제작 및 검토 < 베텔기우스 > Betelgeuse058.tistory.com
AD3: 응시여부코드 | AE3: (1~2) | AF3: (3~5) | AG3: (6~13) | AI3: (10~13) | AJ3: (14~22) | AL3: 23 | AM3: 24 | AN3: 25
B4: 노란칸에 점수를 입력합니다. (영어, 한국사, 제2외국어 등 응시한 과목은 모두 입력해야 지원가능 여부를 알 수 있습니다.) (미응시 영역은 비워둠) | AE4: 적용점수
AE5: 고득점순 | AF5: 고득점순 | AG5: 고득점순 | AH5: 고득점순 | AI5: 가산점용 | AJ5: 고득점순 | AK5: 고득점순 | AL5: 고득점순 | AM5: 고득점순 | AN5: 고득점순
B6: 국어 | D6: 수학 | G6: 과탐 | O6: 사탐 | AE6: 1 | AF6: 1 | AG6: 1 | AH6: 2 | AI6: 1 | AJ6: 1 | AK6: 2 | AL6: 1 | AM6: 1 | AN6: 1
B7: 언매 | C7: 화작 | D7: 미적 | E7: 기하 | F7: 확통 | G7: 물리Ⅰ | H7: 화학Ⅰ | I7: 생명과학Ⅰ | J7: 지구과학Ⅰ | K7: 물리II | L7: 화학II | M7: 생명과학II | N7: 지구과학II | O7: 생활과윤리 | P7: 윤리와사상 | Q7: 한국지리 | R7: 세계지리 | S7: 동아시아사 | T7: 세계사 | U7: 경제 | V7: 정치와법 | W7: 사회문화 | AE7: 국어 | AF7: 수학 | AG7: 과탐1 | AH7: 과탐2 | AI7: 과탐Ⅱ | AJ7: 사탐1 | AK7: 사탐2 | AL7: 영어 | AM7: 한국사 | AN7: 제2외국어
A8: 원점수 | AD8: 원점 | AE8: =IFERROR(INDEX(B8:C8,MATCH($AE$6,B38:C38,0)),0) -> 0 | AF8: =IFERROR(INDEX(D8:F8,MATCH($AF$6,D38:F38,0)),0) -> 0 | AG8: =IFERROR(INDEX($G8:$N8,MATCH(AG$6,$G$38:$N$38,0)),0) -> 0 | AH8: =IFERROR(INDEX($G8:$N8,MATCH(AH$6,$G$38:$N$38,0)),0) -> 0 | AI8: =IFERROR(MAX(K8:N8),0) -> 0 | AJ8: =IFERROR(INDEX(O8:W8,MATCH($AJ$6,O38:W38,0)),0) -> 0 | AK8: =IFERROR(INDEX(O8:W8,MATCH($AK$6,O38:W38,0)),0) -> 0 | AL8: =B14 -> 0 | AM8: =C14 -> 0 | AN8: =D14 -> 0
A9: 표준점수 | B9: =IF($B$31=1,B22,IFERROR(ROUND(B58,0),"")) -> 0 | C9: =IF($B$31=1,C22,IFERROR(ROUND(C58,0),"")) -> 0 | D9: =IF($B$31=1,D22,IFERROR(ROUND(D58,0),"")) -> 0 | E9: =IF($B$31=1,E22,IFERROR(ROUND(E58,0),"")) -> 0 | F9: =IF($B$31=1,F22,IFERROR(ROUND(F58,0),"")) -> 0 | G9: =IF($B$31=1,G22,IFERROR(ROUND(G58,0),"")) -> 0 | H9: =IF($B$31=1,H22,IFERROR(ROUND(H58,0),"")) -> 0 | I9: =IF($B$31=1,I22,IFERROR(ROUND(I58,0),"")) -> 0 | ... W9: =IF($B$31=1,W22,IFERROR(ROUND(W58,0),"")) -> 0 | AD9: 표점 | AE9: =IFERROR(INDEX(B9:C9,MATCH($AE$6,B39:C39,0)),0) -> 0 | AF9: =IFERROR(INDEX(D9:F9,MATCH($AF$6,D39:F39,0)),0) -> 0 | AG9: =IFERROR(INDEX($G9:$N9,MATCH(AG$6,$G$39:$N$39,0)),0) -> 0 | AH9: =IFERROR(INDEX($G9:$N9,MATCH(AH$6,$G$39:$N$39,0)),0) -> 0 | AI9: =IFERROR(MAX(K9:N9),0) -> 0 | AJ9: =IFERROR(INDEX(O9:W9,MATCH($AJ$6,O39:W39,0)),0) -> 0 | AK9: =IFERROR(INDEX(O9:W9,MATCH($AK$6,O39:W39,0)),0) -> 0 | AL9: =B15 -> 0 | AM9: =C15 -> 0 | AN9: =D15 -> 0
A10: 백분위 | B10: =IF($B$31=1,B23,IF(B58="","",IFERROR(IF(MAX($B$163:$B$178)>110,INDEX($A$163:$A$253,MATCH(B$58,B163:B253,-1)),INDEX(B163:B253,MATCH(B$8,$A$163:$A$253,0))),""))) -> 0 | C10: =IF($B$31=1,C23,IF(C58="","",IFERROR(IF(MAX($B$163:$B$178)>110,INDEX($A$163:$A$253,MATCH(C$58,C163:C253,-1)),INDEX(C163:C253,MATCH(C$8,$A$163:$A$253,0))),""))) -> 0 | D10: =IF($B$31=1,D23,IF(D58="","",IFERROR(IF(MAX($B$163:$B$178)>110,INDEX($A$163:$A$253,MATCH(D$58,D163:D253,-1)),INDEX(D163:D253,MATCH(D$8,$A$163:$A$253,0))),""))) -> 0 | E10: =IF($B$31=1,E23,IF(E58="","",IFERROR(IF(MAX($B$163:$B$178)>110,INDEX($A$163:$A$253,MATCH(E$58,E163:E253,-1)),INDEX(E163:E253,MATCH(E$8,$A$163:$A$253,0))),""))) -> 0 | F10: =IF($B$31=1,F23,IF(F58="","",IFERROR(IF(MAX($B$163:$B$178)>110,INDEX($A$163:$A$253,MATCH(F$58,F163:F253,-1)),INDEX(F163:F253,MATCH(F$8,$A$163:$A$253,0))),""))) -> 0 | G10: =IF($B$31=1,G23,IF(G58="","",IFERROR(IF(MAX($B$163:$B$178)>110,INDEX($A$163:$A$253,MATCH(G$58,G163:G253,-1)),INDEX(G163:G253,MATCH(G$8,$AA$163:$AA$253,0))),""))) -> 0 | H10: =IF($B$31=1,H23,IF(H58="","",IFERROR(IF(MAX($B$163:$B$178)>110,INDEX($A$163:$A$253,MATCH(H$58,H163:H253,-1)),INDEX(H163:H253,MATCH(H$8,$AA$163:$AA$253,0))),""))) -> 0 | I10: =IF($B$31=1,I23,IF(I58="","",IFERROR(IF(MAX($B$163:$B$178)>110,INDEX($A$163:$A$253,MATCH(I$58,I163:I253,-1)),INDEX(I163:I253,MATCH(I$8,$AA$163:$AA$253,0))),""))) -> 0 | J10: =IF($B$31=1,J23,IF(J58="","",IFERROR(IF(MAX($B$163:$B$178)>110,INDEX($A$163:$A$253,MATCH(J$58,J163:J253,-1)),INDEX(J163:J253,MATCH(J$8,$AA$163:$AA$253,0))),""))) -> 0 | K10: =IF($B$31=1,K23,IF(K58="","",IFERROR(IF(MAX($B$163:$B$178)>110,INDEX($A$163:$A$253,MATCH(K$58,K163:K253,-1)),INDEX(K163:K253,MATCH(K$8,$AA$163:$AA$253,0))),""))) -> 0 | L10: =IF($B$31=1,L23,IF(L58="","",IFERROR(IF(MAX($B$163:$B$178)>110,INDEX($A$163:$A$253,MATCH(L$58,L163:L253,-1)),INDEX(L163:L253,MATCH(L$8,$AA$163:$AA$253,0))),""))) -> 0 | M10: =IF($B$31=1,M23,IF(M58="","",IFERROR(IF(MAX($B$163:$B$178)>110,INDEX($A$163:$A$253,MATCH(M$58,M163:M253,-1)),INDEX(M163:M253,MATCH(M$8,$AA$163:$AA$253,0))),""))) -> 0 | N10: =IF($B$31=1,N23,IF(N58="","",IFERROR(IF(MAX($B$163:$B$178)>110,INDEX($A$163:$A$253,MATCH(N$58,N163:N253,-1)),INDEX(N163:N253,MATCH(N$8,$AA$163:$AA$253,0))),""))) -> 0 | ... W10: =IF($B$31=1,W23,IF(W58="","",IFERROR(IF(MAX($B$163:$B$178)>110,INDEX($A$163:$A$253,MATCH(W$58,W163:W253,-1)),INDEX(W163:W253,MATCH(W$8,$AA$163:$AA$253,0))),""))) -> 0 | AD10: 백분 | AE10: =IFERROR(INDEX(B10:C10,MATCH($AE$6,B40:C40,0)),0) -> 0 | AF10: =IFERROR(INDEX(D10:F10,MATCH($AF$6,D40:F40,0)),0) -> 0 | AG10: =IFERROR(INDEX($G10:$N10,MATCH(AG$6,$G$40:$N$40,0)),0) -> 0 | AH10: =IFERROR(INDEX($G10:$N10,MATCH(AH$6,$G$40:$N$40,0)),0) -> 0 | AI10: =IFERROR(MAX(K10:N10),0) -> 0 | AJ10: =IFERROR(INDEX(O10:W10,MATCH($AJ$6,O40:W40,0)),0) -> 0 | AK10: =IFERROR(INDEX(O10:W10,MATCH($AK$6,O40:W40,0)),0) -> 0 | AL10: =B16 -> 0 | AM10: =C16 -> 0 | AN10: =D16 -> 0
A11: 등급 | B11: =IF($B$31=1,B24,IF(B8="","",IFERROR(INDEX(B263:B353,MATCH(B$8,$A$263:$A$353,0)),""))) -> 0 | C11: =IF($B$31=1,C24,IF(C8="","",IFERROR(INDEX(C263:C353,MATCH(C$8,$A$263:$A$353,0)),""))) -> 0 | D11: =IF($B$31=1,D24,IF(D8="","",IFERROR(INDEX(D263:D353,MATCH(D$8,$A$263:$A$353,0)),""))) -> 0 | E11: =IF($B$31=1,E24,IF(E8="","",IFERROR(INDEX(E263:E353,MATCH(E$8,$A$263:$A$353,0)),""))) -> 0 | F11: =IF($B$31=1,F24,IF(F8="","",IFERROR(INDEX(F263:F353,MATCH(F$8,$A$263:$A$353,0)),""))) -> 0 | G11: =IF($B$31=1,G24,IF(G8="","",IFERROR(INDEX(G263:G353,MATCH(G$8,$AA$263:$AA$353,0)),""))) -> 0 | H11: =IF($B$31=1,H24,IF(H8="","",IFERROR(INDEX(H263:H353,MATCH(H$8,$AA$263:$AA$353,0)),""))) -> 0 | I11: =IF($B$31=1,I24,IF(I8="","",IFERROR(INDEX(I263:I353,MATCH(I$8,$AA$263:$AA$353,0)),""))) -> 0 | J11: =IF($B$31=1,J24,IF(J8="","",IFERROR(INDEX(J263:J353,MATCH(J$8,$AA$263:$AA$353,0)),""))) -> 0 | K11: =IF($B$31=1,K24,IF(K8="","",IFERROR(INDEX(K263:K353,MATCH(K$8,$AA$263:$AA$353,0)),""))) -> 0 | L11: =IF($B$31=1,L24,IF(L8="","",IFERROR(INDEX(L263:L353,MATCH(L$8,$AA$263:$AA$353,0)),""))) -> 0 | M11: =IF($B$31=1,M24,IF(M8="","",IFERROR(INDEX(M263:M353,MATCH(M$8,$AA$263:$AA$353,0)),""))) -> 0 | N11: =IF($B$31=1,N24,IF(N8="","",IFERROR(INDEX(N263:N353,MATCH(N$8,$AA$263:$AA$353,0)),""))) -> 0 | ... W11: =IF($B$31=1,W24,IF(W8="","",IFERROR(INDEX(W263:W353,MATCH(W$8,$AA$263:$AA$353,0)),""))) -> 0 | AD11: 등급 | AE11: =IFERROR(INDEX(B11:C11,MATCH($AE$6,B41:C41,0)),0) -> 0 | AF11: =IFERROR(INDEX(D11:F11,MATCH($AF$6,D41:F41,0)),0) -> 0 | AG11: =IFERROR(INDEX($G11:$N11,MATCH(AG$6,$G$41:$N$41,0)),0) -> 0 | AH11: =IFERROR(INDEX($G11:$N11,MATCH(AH$6,$G$41:$N$41,0)),0) -> 0 | AI11: =IFERROR(MAX(K11:N11),0) -> 0 | AJ11: =IFERROR(INDEX(O11:W11,MATCH($AJ$6,O41:W41,0)),0) -> 0 | AK11: =IFERROR(INDEX(O11:W11,MATCH($AK$6,O41:W41,0)),0) -> 0 | AL11: =B17 | AM11: =C17 | AN11: =D17
B13: 영어 | C13: 한국사 | D13: 제2외국어
A14: 원점수
A15: 표준점수
A16: 백분위 | AD16: 변표 | AE16: =IFERROR(INDEX(B21:C21,MATCH($AE$6,B42:C42,0)),0) -> 0 | AF16: =IFERROR(INDEX(D21:F21,MATCH($AF$6,D42:F42,0)),0) -> 0 | AG16: =IFERROR(INDEX($G21:$N21,MATCH(AG$6,$G$42:$N$42,0)),0) -> 0 | AH16: =IFERROR(INDEX($G21:$N21,MATCH(AH$6,$G$42:$N$42,0)),0) -> 0 | AI16: =IFERROR(MAX(K21:N21),0) -> 0 | AJ16: =IFERROR(INDEX(O21:W21,MATCH($AJ$6,O42:W42,0)),0) -> 0 | AK16: =IFERROR(INDEX(O21:W21,MATCH($AK$6,O42:W42,0)),0) -> 0 | AL16: =X21 -> 0 | AM16: =Y21 -> 0 | AN16: =Z21 -> 0
A17: 등급 | B17: =IF(AND(B31=1,B27>0),B27,IF(B14="","",IFERROR(INDEX(X263:X353,MATCH(B$14,$A$263:$A$333,0)),""))) | C17: =IF(AND(B31=1,C27>0),C27,IF(C14="","",IFERROR(INDEX(Y263:Y353,MATCH(C$14,$AA$263:$AA$333,0)),""))) | D17: =IF(AND(C31=1,D27>0),D27,IF(D14="","",IFERROR(INDEX(Z263:Z353,MATCH(D$14,$AA$263:$AA$333,0)),""))) | AD17: 최고표점 | AE17: =IFERROR(MAX(B32:C32),0) -> 139 | AF17: =IFERROR(MAX(D32:F32),0) -> 140 | AG17: =IFERROR(INDEX($G32:$N32,MATCH(AG$6,$G$39:$N$39,0)),0) -> 72 | AH17: =IFERROR(INDEX($G32:$N32,MATCH(AH$6,$G$39:$N$39,0)),0) -> 72 | AI17: =IFERROR(INDEX(K32:N32,MATCH(AI6,K39:N39,0)),0) -> 72 | AJ17: =IFERROR(INDEX(O32:W32,MATCH($AJ$6,O39:W39,0)),0) -> 69 | AK17: =IFERROR(INDEX(O32:W32,MATCH($AK$6,O39:W39,0)),0) -> 66 | AL17: =X22 -> 0 | AM17: =Y22 -> 0 | AN17: =Z22 -> 0
AD18: 응시과목명 | AG18: =IFERROR(INDEX($G7:$N7,MATCH(AG$6,$G$39:$N$39,0)),0) -> 지구과학II | AH18: =IFERROR(INDEX($G7:$N7,MATCH(AH$6,$G$39:$N$39,0)),0) -> 생명과학II | AI18: =IF(K43>0,K7,IF(L43>0,L7,IF(M43>0,M7,IF(N43>0,N7,"미응시")))) -> 미응시
AF19: 과탐 전체최고표점 | AG19: =LARGE(G32:N32,1) -> 73
B20: 국어 | D20: 수학 | G20: 과탐 | O20: 사탐 | AD20: 표점합 | AE20: =B22+C22+D22+F22+E22+G22+H22+I22+J22+K22+L22+M22+N22+O22+P22+Q22+R22+S22+T22+U22+V22+W22 -> 0
B21: 언매 | C21: 화작 | D21: 미적 | E21: 기하 | F21: 확통 | G21: 물리Ⅰ | H21: 화학Ⅰ | I21: 생명과학Ⅰ | J21: 지구과학Ⅰ | K21: 물리II | L21: 화학II | M21: 생명과학II | N21: 지구과학II | O21: 생활과윤리 | P21: 윤리와사상 | Q21: 한국지리 | R21: 세계지리 | S21: 동아시아사 | T21: 세계사 | U21: 경제 | V21: 정치와법 | W21: 사회문화
A22: 표준점수 | AD22: *원점일때 20~27행 축소
A23: 백분위 | AD23: *표점일때 ad~an열은 축소
A24: 등급
B26: 영어 | C26: 한국사 | D26: 제2외국어
A27: 등급
A31: 원점/표점코드 | B31: ='배치점수 계산기'!E4 -> 1 | C31: ='배치점수 계산기'!D5 -> 표준점수 기준 | E31: *코드는 배치점수 계산기의 값을 따름 | X31: 영어 | Y31: 한국사 | Z31: 제2외국
A32: 최고표점 | B32: =IFERROR(IF($B$31=1,B49,ROUND(B63,0)),"") -> 139 | C32: =IFERROR(IF($B$31=1,C49,ROUND(C63,0)),"") -> 139 | D32: =IFERROR(IF($B$31=1,D49,ROUND(D63,0)),"") -> 140 | E32: =IFERROR(IF($B$31=1,E49,ROUND(E63,0)),"") -> 137 | F32: =IFERROR(IF($B$31=1,F49,ROUND(F63,0)),"") -> 134 | G32: =IFERROR(IF($B$31=1,G49,ROUND(G63,0)),"") -> 67 | H32: =IFERROR(IF($B$31=1,H49,ROUND(H63,0)),"") -> 65 | I32: =IFERROR(IF($B$31=1,I49,ROUND(I63,0)),"") -> 70 | ... W32: =IFERROR(IF($B$31=1,W49,ROUND(W63,0)),"") -> 69 | X32: =IFERROR(X63,"") -> 0 | Y32: =IFERROR(Y63,"") -> 0 | Z32: =IFERROR(Z63,"") -> 0
A33: 원점순위용 | B33: =IF(B8="","",B8+COLUMN(B8)*0.0001) | C33: =IF(C8="","",C8+COLUMN(C8)*0.0001) | D33: =IF(D8="","",D8+COLUMN(D8)*0.0001) | E33: =IF(E8="","",E8+COLUMN(E8)*0.0001) | F33: =IF(F8="","",F8+COLUMN(F8)*0.0001) | G33: =IF(G8="","",G8+COLUMN(G8)*0.0001) | H33: =IF(H8="","",H8+COLUMN(H8)*0.0001) | I33: =IF(I8="","",I8+COLUMN(I8)*0.0001) | ... W33: =IF(W8="","",W8+COLUMN(W8)*0.0001)
A34: 표점순위용 | B34: =IFERROR(IF($B$31=9,B9+COLUMN(B9)*0.0001,B22+COLUMN(B22)*0.0001),"") -> 0.0002 | C34: =IFERROR(IF($B$31=9,C9+COLUMN(C9)*0.0001,C22+COLUMN(C22)*0.0001),"") -> 0.0003 | D34: =IFERROR(IF($B$31=9,D9+COLUMN(D9)*0.0001,D22+COLUMN(D22)*0.0001),"") -> 0.0004 | E34: =IFERROR(IF($B$31=9,E9+COLUMN(E9)*0.0001,E22+COLUMN(E22)*0.0001),"") -> 0.0005 | F34: =IFERROR(IF($B$31=9,F9+COLUMN(F9)*0.0001,F22+COLUMN(F22)*0.0001),"") -> 0.0006 | G34: =IFERROR(IF($B$31=9,G9+COLUMN(G9)*0.0001,G22+COLUMN(G22)*0.0001),"") -> 0.0007 | H34: =IFERROR(IF($B$31=9,H9+COLUMN(H9)*0.0001,H22+COLUMN(H22)*0.0001),"") -> 0.0008 | I34: =IFERROR(IF($B$31=9,I9+COLUMN(I9)*0.0001,I22+COLUMN(I22)*0.0001),"") -> 0.0009 | ... W34: =IFERROR(IF($B$31=9,W9+COLUMN(W9)*0.0001,W22+COLUMN(W22)*0.0001),"") -> 0.0023
A35: 백분순위용 | B35: =IFERROR(IF($B$31=9,B10+COLUMN(B10)*0.0001,B23+COLUMN(B23)*0.0001),"") -> 0.0002 | C35: =IFERROR(IF($B$31=9,C10+COLUMN(C10)*0.0001,C23+COLUMN(C23)*0.0001),"") -> 0.0003 | D35: =IFERROR(IF($B$31=9,D10+COLUMN(D10)*0.0001,D23+COLUMN(D23)*0.0001),"") -> 0.0004 | E35: =IFERROR(IF($B$31=9,E10+COLUMN(E10)*0.0001,E23+COLUMN(E23)*0.0001),"") -> 0.0005 | F35: =IFERROR(IF($B$31=9,F10+COLUMN(F10)*0.0001,F23+COLUMN(F23)*0.0001),"") -> 0.0006 | G35: =IFERROR(IF($B$31=9,G10+COLUMN(G10)*0.0001,G23+COLUMN(G23)*0.0001),"") -> 0.0007 | H35: =IFERROR(IF($B$31=9,H10+COLUMN(H10)*0.0001,H23+COLUMN(H23)*0.0001),"") -> 0.0008 | I35: =IFERROR(IF($B$31=9,I10+COLUMN(I10)*0.0001,I23+COLUMN(I23)*0.0001),"") -> 0.0009 | ... W35: =IFERROR(IF($B$31=9,W10+COLUMN(W10)*0.0001,W23+COLUMN(W23)*0.0001),"") -> 0.0023
A36: 등급순위용 | B36: =IFERROR(IF($B$31=9,B11+COLUMN(B11)*0.0001,B24+COLUMN(B24)*0.0001),"") -> 0.0002 | C36: =IFERROR(IF($B$31=9,C11+COLUMN(C11)*0.0001,C24+COLUMN(C24)*0.0001),"") -> 0.0003 | D36: =IFERROR(IF($B$31=9,D11+COLUMN(D11)*0.0001,D24+COLUMN(D24)*0.0001),"") -> 0.0004 | E36: =IFERROR(IF($B$31=9,E11+COLUMN(E11)*0.0001,E24+COLUMN(E24)*0.0001),"") -> 0.0005 | F36: =IFERROR(IF($B$31=9,F11+COLUMN(F11)*0.0001,F24+COLUMN(F24)*0.0001),"") -> 0.0006 | G36: =IFERROR(IF($B$31=9,G11+COLUMN(G11)*0.0001,G24+COLUMN(G24)*0.0001),"") -> 0.0007 | H36: =IFERROR(IF($B$31=9,H11+COLUMN(H11)*0.0001,H24+COLUMN(H24)*0.0001),"") -> 0.0008 | I36: =IFERROR(IF($B$31=9,I11+COLUMN(I11)*0.0001,I24+COLUMN(I24)*0.0001),"") -> 0.0009 | ... W36: =IFERROR(IF($B$31=9,W11+COLUMN(W11)*0.0001,W24+COLUMN(W24)*0.0001),"") -> 0.0023 | X36: =IF($B$31=9,B17+COLUMN(B17)*0.0001,B27+COLUMN(B27)*0.0001) -> 0.0002 | Y36: =IF($B$31=9,C17+COLUMN(C17)*0.0001,C27+COLUMN(C27)*0.0001) -> 0.0003 | Z36: =IF($B$31=9,D17+COLUMN(D17)*0.0001,D27+COLUMN(D27)*0.0001) -> 0.0004
A38: 원점순위 | B38: =IFERROR(RANK(B33,$B33:$C33,0),"") | C38: =IFERROR(RANK(C33,$B33:$C33,0),"") | D38: =IFERROR(RANK(D33,$D33:$F33,0),"") | E38: =IFERROR(RANK(E33,$D33:$F33,0),"") | F38: =IFERROR(RANK(F33,$D33:$F33,0),"") | G38: =IFERROR(RANK(G33,$G33:$N33,0),"") | H38: =IFERROR(RANK(H33,$G33:$N33,0),"") | I38: =IFERROR(RANK(I33,$G33:$N33,0),"") | J38: =IFERROR(RANK(J33,$G33:$N33,0),"") | K38: =IFERROR(RANK(K33,$G33:$N33,0),"") | L38: =IFERROR(RANK(L33,$G33:$N33,0),"") | M38: =IFERROR(RANK(M33,$G33:$N33,0),"") | N38: =IFERROR(RANK(N33,$G33:$N33,0),"") | O38: =IFERROR(RANK(O33,$O33:$W33,0),"") | P38: =IFERROR(RANK(P33,$O33:$W33,0),"") | Q38: =IFERROR(RANK(Q33,$O33:$W33,0),"") | R38: =IFERROR(RANK(R33,$O33:$W33,0),"") | S38: =IFERROR(RANK(S33,$O33:$W33,0),"") | T38: =IFERROR(RANK(T33,$O33:$W33,0),"") | U38: =IFERROR(RANK(U33,$O33:$W33,0),"") | V38: =IFERROR(RANK(V33,$O33:$W33,0),"") | W38: =IFERROR(RANK(W33,$O33:$W33,0),"")
A39: 표점순위 | B39: =IFERROR(RANK(B34,$B34:$C34,0),"") -> 2 | C39: =IFERROR(RANK(C34,$B34:$C34,0),"") -> 1 | D39: =IFERROR(RANK(D34,$D34:$F34,0),"") -> 3 | E39: =IFERROR(RANK(E34,$D34:$F34,0),"") -> 2 | F39: =IFERROR(RANK(F34,$D34:$F34,0),"") -> 1 | G39: =IFERROR(RANK(G34,$G34:$N34,0),"") -> 8 | H39: =IFERROR(RANK(H34,$G34:$N34,0),"") -> 7 | I39: =IFERROR(RANK(I34,$G34:$N34,0),"") -> 6 | J39: =IFERROR(RANK(J34,$G34:$N34,0),"") -> 5 | K39: =IFERROR(RANK(K34,$G34:$N34,0),"") -> 4 | L39: =IFERROR(RANK(L34,$G34:$N34,0),"") -> 3 | M39: =IFERROR(RANK(M34,$G34:$N34,0),"") -> 2 | N39: =IFERROR(RANK(N34,$G34:$N34,0),"") -> 1 | O39: =IFERROR(RANK(O34,$O34:$W34,0),"") -> 9 | P39: =IFERROR(RANK(P34,$O34:$W34,0),"") -> 8 | Q39: =IFERROR(RANK(Q34,$O34:$W34,0),"") -> 7 | R39: =IFERROR(RANK(R34,$O34:$W34,0),"") -> 6 | S39: =IFERROR(RANK(S34,$O34:$W34,0),"") -> 5 | T39: =IFERROR(RANK(T34,$O34:$W34,0),"") -> 4 | U39: =IFERROR(RANK(U34,$O34:$W34,0),"") -> 3 | V39: =IFERROR(RANK(V34,$O34:$W34,0),"") -> 2 | W39: =IFERROR(RANK(W34,$O34:$W34,0),"") -> 1
A40: 백분순위 | B40: =IFERROR(RANK(B35,$B35:$C35,0),"") -> 2 | C40: =IFERROR(RANK(C35,$B35:$C35,0),"") -> 1 | D40: =IFERROR(RANK(D35,$D35:$F35,0),"") -> 3 | E40: =IFERROR(RANK(E35,$D35:$F35,0),"") -> 2 | F40: =IFERROR(RANK(F35,$D35:$F35,0),"") -> 1 | G40: =IFERROR(RANK(G35,$G35:$N35,0),"") -> 8 | H40: =IFERROR(RANK(H35,$G35:$N35,0),"") -> 7 | I40: =IFERROR(RANK(I35,$G35:$N35,0),"") -> 6 | J40: =IFERROR(RANK(J35,$G35:$N35,0),"") -> 5 | K40: =IFERROR(RANK(K35,$G35:$N35,0),"") -> 4 | L40: =IFERROR(RANK(L35,$G35:$N35,0),"") -> 3 | M40: =IFERROR(RANK(M35,$G35:$N35,0),"") -> 2 | N40: =IFERROR(RANK(N35,$G35:$N35,0),"") -> 1 | O40: =IFERROR(RANK(O35,$O35:$W35,0),"") -> 9 | P40: =IFERROR(RANK(P35,$O35:$W35,0),"") -> 8 | Q40: =IFERROR(RANK(Q35,$O35:$W35,0),"") -> 7 | R40: =IFERROR(RANK(R35,$O35:$W35,0),"") -> 6 | S40: =IFERROR(RANK(S35,$O35:$W35,0),"") -> 5 | T40: =IFERROR(RANK(T35,$O35:$W35,0),"") -> 4 | U40: =IFERROR(RANK(U35,$O35:$W35,0),"") -> 3 | V40: =IFERROR(RANK(V35,$O35:$W35,0),"") -> 2 | W40: =IFERROR(RANK(W35,$O35:$W35,0),"") -> 1
A41: 등급순위 | B41: =IFERROR(RANK(B36,$B36:$C36,0),"") -> 2 | C41: =IFERROR(RANK(C36,$B36:$C36,0),"") -> 1 | D41: =IFERROR(RANK(D36,$D36:$F36,0),"") -> 3 | E41: =IFERROR(RANK(E36,$D36:$F36,0),"") -> 2 | F41: =IFERROR(RANK(F36,$D36:$F36,0),"") -> 1 | G41: =IFERROR(RANK(G36,$G36:$N36,0),"") -> 8 | H41: =IFERROR(RANK(H36,$G36:$N36,0),"") -> 7 | I41: =IFERROR(RANK(I36,$G36:$N36,0),"") -> 6 | J41: =IFERROR(RANK(J36,$G36:$N36,0),"") -> 5 | K41: =IFERROR(RANK(K36,$G36:$N36,0),"") -> 4 | L41: =IFERROR(RANK(L36,$G36:$N36,0),"") -> 3 | M41: =IFERROR(RANK(M36,$G36:$N36,0),"") -> 2 | N41: =IFERROR(RANK(N36,$G36:$N36,0),"") -> 1 | O41: =IFERROR(RANK(O36,$O36:$W36,0),"") -> 9 | P41: =IFERROR(RANK(P36,$O36:$W36,0),"") -> 8 | Q41: =IFERROR(RANK(Q36,$O36:$W36,0),"") -> 7 | R41: =IFERROR(RANK(R36,$O36:$W36,0),"") -> 6 | S41: =IFERROR(RANK(S36,$O36:$W36,0),"") -> 5 | T41: =IFERROR(RANK(T36,$O36:$W36,0),"") -> 4 | U41: =IFERROR(RANK(U36,$O36:$W36,0),"") -> 3 | V41: =IFERROR(RANK(V36,$O36:$W36,0),"") -> 2 | W41: =IFERROR(RANK(W36,$O36:$W36,0),"") -> 1
A43: 응시여부 | B43: =IF(OR(B8>0,AND(B22>0,B23>0)),1,0) -> 0 | C43: =IF(OR(C8>0,AND(C22>0,C23>0)),1,0) -> 0 | D43: =IF(OR(D8>0,AND(D22>0,D23>0)),1,0) -> 0 | E43: =IF(OR(E8>0,AND(E22>0,E23>0)),1,0) -> 0 | F43: =IF(OR(F8>0,AND(F22>0,F23>0)),1,0) -> 0 | G43: =IF(OR(G8>0,AND(G22>0,G23>0)),1,0) -> 0 | H43: =IF(OR(H8>0,AND(H22>0,H23>0)),1,0) -> 0 | I43: =IF(OR(I8>0,AND(I22>0,I23>0)),1,0) -> 0 | ... W43: =IF(OR(W8>0,AND(W22>0,W23>0)),1,0) -> 0 | X43: =IF(OR(B14>0,AND(B27>0,B27>0)),1,0) -> 0 | Y43: =IF(OR(C14>0,AND(C27>0,C27>0)),1,0) -> 0 | Z43: =IF(OR(D14>0,AND(D27>0,D27>0)),1,0) -> 0
B47: *'도수분포 파일'로부터 만점표점 붙여넣기(과목순서 유의) | H47: *표점/만점 대비 점수 산출용으로 사용. 표점기준 배치표일경우만 의미있음
B48: 언매 | C48: 화작 | D48: 미적 | E48: 기하 | F48: 확통 | G48: 물리Ⅰ | H48: 화학Ⅰ | I48: 생물Ⅰ | J48: 지구과학Ⅰ | K48: 물리II | L48: 화학II | M48: 생물II | N48: 지구과학II | O48: 생활과윤리 | P48: 윤리와사상 | Q48: 한국지리 | R48: 세계지리 | S48: 동아시아사 | T48: 세계사 | U48: 경제 | V48: 정치와법 | W48: 사회문화 | X48: 과탐전체 | Y48: 사탐전체 | Z48: 탐구전체
A49: 만점표점 | B49: 139 | C49: 139 | D49: 140 | E49: 137 | F49: 134 | G49: 67 | H49: 65 | I49: 70 | J49: 72 | K49: 70 | L49: 73 | M49: 72 | N49: 72 | O49: 77 | P49: 73 | Q49: 69 | R49: 68 | S49: 67 | T49: 68 | U49: 72 | V49: 66 | W49: 69 | X49: 69.823 | Y49: 71.561 | Z49: 70.789 | AA49: 25수능
G51: *'도수분포 파일'로부터 응시인원 붙여넣기(과목순서 유의) | L51: *원점배치표 표점배치표 모두 필수입력
G52: 물 | H52: 화 | I52: 생 | J52: 지 | K52: 물2 | L52: 화2 | M52: 생2 | N52: 지2 | O52: 생윤 | P52: 윤사 | Q52: 한지 | R52: 세지 | S52: 동아시아사 | T52: 세계사 | U52: 경제 | V52: 정법 | W52: 사문 | Z52: *과/사 가중최고점(원점/표점 연동)
F53: 응시인원 | G53: 58049 | H53: 44074 | I53: 129818 | J53: 142672 | K53: 5148 | L53: 5360 | M53: 6909 | N53: 4508 | O53: 157938 | P53: 39787 | Q53: 34933 | R53: 30002 | S53: 17521 | T53: 15457 | U53: 6030 | V53: 29915 | W53: 164456 | X53: 25수능 | Z53: =IF(B31=1,X49,X239) -> 69.823 | AA53: =IF(B31=1,Y49,AA239) -> 71.561
B58: =IFERROR(IF(B8="","",INDEX(B$63:B$153,MATCH(B8,$A$63:$A$153,0))),"") | C58: =IFERROR(IF(C8="","",INDEX(C$63:C$153,MATCH(C8,$A$63:$A$153,0))),"") | D58: =IFERROR(IF(D8="","",INDEX(D$63:D$153,MATCH(D8,$A$63:$A$153,0))),"") | E58: =IFERROR(IF(E8="","",INDEX(E$63:E$153,MATCH(E8,$A$63:$A$153,0))),"") | F58: =IFERROR(IF(F8="","",INDEX(F$63:F$153,MATCH(F8,$A$63:$A$153,0))),"") | G58: =IFERROR(IF(G8="","",INDEX(G$63:G$153,MATCH(G8,$AA$63:$AA$153,0))),"") | H58: =IFERROR(IF(H8="","",INDEX(H$63:H$153,MATCH(H8,$AA$63:$AA$153,0))),"") | I58: =IFERROR(IF(I8="","",INDEX(I$63:I$153,MATCH(I8,$AA$63:$AA$153,0))),"") | J58: =IFERROR(IF(J8="","",INDEX(J$63:J$153,MATCH(J8,$AA$63:$AA$153,0))),"") | K58: =IFERROR(IF(K8="","",INDEX(K$63:K$153,MATCH(K8,$AA$63:$AA$153,0))),"") | L58: =IFERROR(IF(L8="","",INDEX(L$63:L$153,MATCH(L8,$AA$63:$AA$153,0))),"") | M58: =IFERROR(IF(M8="","",INDEX(M$63:M$153,MATCH(M8,$AA$63:$AA$153,0))),"") | N58: =IFERROR(IF(N8="","",INDEX(N$63:N$153,MATCH(N8,$AA$63:$AA$153,0))),"") | ... Z58: =IFERROR(IF(Z8="","",INDEX(Z$63:Z$153,MATCH(Z8,$AA$63:$AA$153,0))),"")
B61: 원점-표점 | D61: 25 수능
B62: 0 | C62: 0 | D62: 0 | E62: 0 | F62: 0 | G62: 0 | H62: 0 | I62: 0 | J62: 0 | K62: 0 | L62: 0 | M62: 0 | N62: 0 | O62: 0 | P62: 0 | Q62: 0 | R62: 0 | S62: 0 | T62: 0 | U62: 0 | V62: 0 | W62: 0 | X62: 영어 | Y62: 한국사 | Z62: 제2외국어 | AA62: 탐구원점
A63: 100 | B63: 138 | C63: 136 | D63: 144.1 | E63: 142.1 | F63: 139.1 | G63: 68 | H63: 66 | I63: 70 | J63: 73 | K63: 73 | L63: 74 | M63: 73 | N63: 76 | O63: 77 | P63: 74.1 | Q63: 71 | R63: 70 | S63: 68.1 | T63: 71 | U63: 71.1 | V63: 68 | W63: 70 | X63: 0 | Y63: 0 | Z63: 0 | AA63: 50
A64: 99 | B64: 137 | C64: 135 | D64: 144 | E64: 142 | F64: 139 | G64: 67 | H64: 65 | I64: 69.1 | J64: 72 | K64: 72.1 | L64: 73 | M64: 72 | N64: 75 | O64: 76 | P64: 74 | Q64: 70 | R64: 69 | S64: 68 | T64: 70.1 | U64: 71 | V64: 67 | W64: 69.1 | X64: 0 | Y64: 0 | Z64: 0 | AA64: 49
A65: 98 | B65: 136 | C65: 134 | D65: 143 | E65: 141 | F65: 138 | G65: 66.1 | H65: 64.1 | I65: 69 | J65: 71 | K65: 72 | L65: 72.1 | M65: 71 | N65: 74 | O65: 75 | P65: 73 | Q65: 69 | R65: 68.1 | S65: 67 | T65: 70 | U65: 70 | V65: 66.1 | W65: 69 | X65: 0 | Y65: 0 | Z65: 0 | AA65: 48
A66: 97 | B66: 135 | C66: 133 | D66: 142 | E66: 140 | F66: 137 | G66: 66 | H66: 64 | I66: 68 | J66: 70 | K66: 71 | L66: 72 | M66: 70.1 | N66: 73 | O66: 74 | P66: 72 | Q66: 68 | R66: 68 | S66: 66 | T66: 69 | U66: 69 | V66: 66 | W66: 68 | X66: 0 | Y66: 0 | Z66: 0 | AA66: 47
A67: 96 | B67: 134.1 | C67: 132.1 | D67: 141 | E67: 139 | F67: 136 | G67: 65 | H67: 63 | I67: 67 | J67: 69.1 | K67: 70 | L67: 71 | M67: 70 | N67: 72 | O67: 73 | P67: 71 | Q67: 67.1 | R67: 67 | S67: 65.1 | T67: 68 | U67: 68.1 | V67: 65 | W67: 67 | X67: 0 | Y67: 0 | Z67: 0 | AA67: 46
A68: 95 | B68: 134 | C68: 132 | D68: 140 | E68: 138 | F68: 135 | G68: 64 | H68: 62 | I68: 66 | J68: 69 | K68: 69 | L68: 70 | M68: 69 | N68: 71.1 | O68: 72 | P68: 70 | Q68: 67 | R68: 66 | S68: 65 | T68: 67 | U68: 68 | V68: 64 | W68: 66 | X68: 0 | Y68: 0 | Z68: 0 | AA68: 45
A69: 94 | B69: 133 | C69: 131 | D69: 139.1 | E69: 137.1 | F69: 134.1 | G69: 63 | H69: 61.1 | I69: 65 | J69: 68 | K69: 68.1 | L69: 69 | M69: 68 | N69: 71 | O69: 71 | P69: 69 | Q69: 66 | R69: 65 | S69: 64 | T69: 66.1 | U69: 67 | V69: 63 | W69: 65 | X69: 0 | Y69: 0 | Z69: 0 | AA69: 44
A70: 93 | B70: 132 | C70: 130 | D70: 139 | E70: 137 | F70: 134 | G70: 62.1 | H70: 61 | I70: 64.1 | J70: 67 | K70: 68 | L70: 68 | M70: 67 | N70: 70 | O70: 70 | P70: 68.1 | Q70: 65 | R70: 64.1 | S70: 63 | T70: 66 | U70: 66 | V70: 62.1 | W70: 64 | X70: 0 | Y70: 0 | Z70: 0 | AA70: 43
A71: 92 | B71: 131 | C71: 129 | D71: 138 | E71: 136 | F71: 133 | G71: 62 | H71: 60 | I71: 64 | J71: 66 | K71: 67 | L71: 67.1 | M71: 66 | N71: 69 | O71: 69 | P71: 68 | Q71: 64.1 | R71: 64 | S71: 62.1 | T71: 65 | U71: 65.1 | V71: 62 | W71: 63.1 | X71: 0 | Y71: 0 | Z71: 0 | AA71: 42
A72: 91 | B72: 130 | C72: 128 | D72: 137 | E72: 135 | F72: 132 | G72: 61 | H72: 59.1 | I72: 63 | J72: 65 | K72: 66 | L72: 67 | M72: 65 | N72: 68 | O72: 68 | P72: 67 | Q72: 64 | R72: 63 | S72: 62 | T72: 64 | U72: 65 | V72: 61 | W72: 63 | X72: 0 | Y72: 0 | Z72: 0 | AA72: 41
A73: 90 | B73: 129.1 | C73: 127.1 | D73: 136 | E73: 134 | F73: 131 | G73: 60 | H73: 59 | I73: 62 | J73: 64 | K73: 65 | L73: 66 | M73: 64.1 | N73: 67 | O73: 67 | P73: 66 | Q73: 63 | R73: 62 | S73: 61 | T73: 63 | U73: 64 | V73: 60 | W73: 62 | X73: 0 | Y73: 0 | Z73: 0 | AA73: 40
A74: 89 | B74: 129 | C74: 127 | D74: 135 | E74: 133 | F74: 130 | G74: 59 | H74: 58 | I74: 61 | J74: 63 | K74: 64.1 | L74: 65 | M74: 64 | N74: 66.1 | O74: 66 | P74: 65 | Q74: 62 | R74: 61 | S74: 60 | T74: 62.1 | U74: 63 | V74: 59.1 | W74: 61 | X74: 0 | Y74: 0 | Z74: 0 | AA74: 39
... A112: 51 | B112: 97 | C112: 95 | D112: 104 | E112: 102 | F112: 99.1 | G112: 29 | H112: 31 | I112: 29 | J112: 30 | K112: 34 | L112: 33 | M112: 31 | N112: 34.1 | O112: 28 | P112: 32 | Q112: 32 | R112: 31.1 | S112: 31.1 | T112: 32 | U112: 34 | V112: 30 | W112: 29 | X112: 0 | Y112: 0 | Z112: 0 | AA112: 1
A113: 50 | B113: 96 | C113: 94 | D113: 103.1 | E113: 101.1 | F113: 99 | G113: 28 | H113: 30 | I113: 28 | J113: 29 | K113: 33 | L113: 32 | M113: 30 | N113: 34 | O113: 27 | P113: 31 | Q113: 31 | R113: 31 | S113: 31 | T113: 31 | U113: 33 | V113: 29 | W113: 28 | X113: 0 | Y113: 0 | Z113: 0
A114: 49 | B114: 95 | C114: 93 | D114: 103 | E114: 101 | F114: 98 | G114: 0 | H114: 0 | I114: 0 | J114: 0 | K114: 0 | L114: 0 | M114: 0 | N114: 0 | O114: 0 | P114: 0 | Q114: 0 | R114: 0 | S114: 0 | T114: 0 | U114: 0 | V114: 0 | W114: 0 | X114: 0 | Y114: 0 | Z114: 0
A115: 48 | B115: 94 | C115: 92 | D115: 102 | E115: 100 | F115: 97 | G115: 0 | H115: 0 | I115: 0 | J115: 0 | K115: 0 | L115: 0 | M115: 0 | N115: 0 | O115: 0 | P115: 0 | Q115: 0 | R115: 0 | S115: 0 | T115: 0 | U115: 0 | V115: 0 | W115: 0 | X115: 0 | Y115: 0 | Z115: 0
A116: 47 | B116: 93 | C116: 91 | D116: 101 | E116: 99 | F116: 96 | G116: 0 | H116: 0 | I116: 0 | J116: 0 | K116: 0 | L116: 0 | M116: 0 | N116: 0 | O116: 0 | P116: 0 | Q116: 0 | R116: 0 | S116: 0 | T116: 0 | U116: 0 | V116: 0 | W116: 0 | X116: 0 | Y116: 0 | Z116: 0
A117: 46 | B117: 92 | C117: 90 | D117: 100 | E117: 98 | F117: 95 | G117: 0 | H117: 0 | I117: 0 | J117: 0 | K117: 0 | L117: 0 | M117: 0 | N117: 0 | O117: 0 | P117: 0 | Q117: 0 | R117: 0 | S117: 0 | T117: 0 | U117: 0 | V117: 0 | W117: 0 | X117: 0 | Y117: 0 | Z117: 0
A118: 45 | B118: 91 | C118: 89 | D118: 99 | E118: 97 | F118: 94 | G118: 0 | H118: 0 | I118: 0 | J118: 0 | K118: 0 | L118: 0 | M118: 0 | N118: 0 | O118: 0 | P118: 0 | Q118: 0 | R118: 0 | S118: 0 | T118: 0 | U118: 0 | V118: 0 | W118: 0 | X118: 0 | Y118: 0 | Z118: 0
A119: 44 | B119: 90 | C119: 88 | D119: 98 | E119: 96 | F119: 93 | G119: 0 | H119: 0 | I119: 0 | J119: 0 | K119: 0 | L119: 0 | M119: 0 | N119: 0 | O119: 0 | P119: 0 | Q119: 0 | R119: 0 | S119: 0 | T119: 0 | U119: 0 | V119: 0 | W119: 0 | X119: 0 | Y119: 0 | Z119: 0
A120: 43 | B120: 89 | C120: 87 | D120: 97 | E120: 95 | F120: 92 | G120: 0 | H120: 0 | I120: 0 | J120: 0 | K120: 0 | L120: 0 | M120: 0 | N120: 0 | O120: 0 | P120: 0 | Q120: 0 | R120: 0 | S120: 0 | T120: 0 | U120: 0 | V120: 0 | W120: 0 | X120: 0 | Y120: 0 | Z120: 0
A121: 42 | B121: 88 | C121: 86 | D121: 96 | E121: 94 | F121: 91 | G121: 0 | H121: 0 | I121: 0 | J121: 0 | K121: 0 | L121: 0 | M121: 0 | N121: 0 | O121: 0 | P121: 0 | Q121: 0 | R121: 0 | S121: 0 | T121: 0 | U121: 0 | V121: 0 | W121: 0 | X121: 0 | Y121: 0 | Z121: 0
A122: 41 | B122: 87 | C122: 85 | D122: 95 | E122: 93 | F122: 90 | G122: 0 | H122: 0 | I122: 0 | J122: 0 | K122: 0 | L122: 0 | M122: 0 | N122: 0 | O122: 0 | P122: 0 | Q122: 0 | R122: 0 | S122: 0 | T122: 0 | U122: 0 | V122: 0 | W122: 0 | X122: 0 | Y122: 0 | Z122: 0
A123: 40 | B123: 86 | C123: 84 | D123: 94 | E123: 92 | F123: 89 | G123: 0 | H123: 0 | I123: 0 | J123: 0 | K123: 0 | L123: 0 | M123: 0 | N123: 0 | O123: 0 | P123: 0 | Q123: 0 | R123: 0 | S123: 0 | T123: 0 | U123: 0 | V123: 0 | W123: 0 | X123: 0 | Y123: 0 | Z123: 0
A124: 39 | B124: 85 | C124: 83 | D124: 93 | E124: 91 | F124: 88.1 | G124: 0 | H124: 0 | I124: 0 | J124: 0 | K124: 0 | L124: 0 | M124: 0 | N124: 0 | O124: 0 | P124: 0 | Q124: 0 | R124: 0 | S124: 0 | T124: 0 | U124: 0 | V124: 0 | W124: 0 | X124: 0 | Y124: 0 | Z124: 0
... A153: 10 | B153: 58 | C153: 56 | D153: 66 | E153: 64 | F153: 61 | G153: 0 | H153: 0 | I153: 0 | J153: 0 | K153: 0 | L153: 0 | M153: 0 | N153: 0 | O153: 0 | P153: 0 | Q153: 0 | R153: 0 | S153: 0 | T153: 0 | U153: 0 | V153: 0 | W153: 0 | X153: 0 | Y153: 0 | Z153: 0
E161: 동일표점의 백분위 표시방법 선택 | H161: Match
B162: 원점-표점-백분 | E162: 원점따라 차등 표시 | H162: -1 | I162: RIGHT | AA162: 탐구원점
A163: 100 | B163: 138 | C163: 136 | D163: 144.1 | E163: 142.1 | H163: 66 | J163: 73 | L163: 74 | M163: 73 | O163: 77 | P163: 74.1 | V163: 68 | W163: 70 | AA163: 50
A164: 99 | B164: 135 | C164: 134 | D164: 142 | E164: 142 | I164: 70 | J164: 69.1 | K164: 73 | L164: 73 | M164: 72 | O164: 73 | P164: 74 | Q164: 71 | T164: 71 | U164: 71.1 | V164: 67 | W164: 69.1 | AA164: 49
A165: 98 | B165: 134 | C165: 132.1 | D165: 138 | E165: 138 | F165: 139.1 | G165: 68 | I165: 69.1 | J165: 68 | K165: 72 | L165: 72 | M165: 70.1 | N165: 76 | O165: 71 | P165: 72 | R165: 70 | S165: 68.1 | U165: 71 | W165: 68 | AA165: 48
A166: 97 | B166: 133 | D166: 134.1 | E166: 137 | F166: 136 | I166: 68 | J166: 67 | K166: 71 | L166: 70 | M166: 70 | O166: 69 | P166: 70 | Q166: 70 | T166: 70.1 | U166: 69 | V166: 66.1 | W166: 67 | AA166: 47
A167: 96 | B167: 132 | C167: 132 | D167: 134 | E167: 134 | F167: 134.1 | G167: 67 | H167: 65 | I167: 66 | J167: 66 | K167: 70 | L167: 69 | M167: 68 | N167: 75 | O167: 68 | P167: 68.1 | Q167: 69 | R167: 69 | S167: 68 | T167: 70 | U167: 68.1 | V167: 66 | W167: 66 | AA167: 46
A168: 95 | B168: 131 | C168: 131 | D168: 133 | E168: 132.1 | F168: 132 | G168: 65 | I168: 65 | J168: 65 | K168: 69 | L168: 68 | M168: 67 | N168: 70 | O168: 67 | P168: 68 | Q168: 67 | R168: 67 | S168: 65.1 | T168: 68 | U168: 68 | W168: 65 | AA168: 45
A169: 94 | B169: 129.1 | C169: 129 | D169: 131 | E169: 131 | F169: 131 | K169: 68.1 | L169: 67.1 | N169: 69 | O169: 66 | P169: 67 | R169: 66 | T169: 67 | U169: 67 | V169: 65 | AA169: 44
A170: 93 | B170: 129 | C170: 128 | D170: 130 | E170: 130 | F170: 129.1 | G170: 64 | I170: 64.1 | J170: 64 | L170: 67 | M170: 66 | N170: 68 | O170: 65 | P170: 66 | Q170: 66 | T170: 66.1 | W170: 64 | AA170: 43
A171: 92 | B171: 128 | C171: 127.1 | D171: 129 | E171: 129 | F171: 129 | K171: 68 | M171: 65 | N171: 67 | Q171: 65 | R171: 65 | S171: 65 | U171: 66 | W171: 63.1 | AA171: 42
A172: 91 | B172: 127 | C172: 127 | D172: 128 | E172: 128.1 | F172: 128 | G172: 63 | H172: 64.1 | I172: 64 | L172: 66 | M172: 64.1 | N172: 66.1 | O172: 64 | P172: 65 | T172: 66 | V172: 64 | AA172: 41
A173: 90 | B173: 126 | C173: 126 | D173: 127 | E173: 127 | F173: 127 | J173: 63 | K173: 67 | L173: 65 | N173: 66 | Q173: 64.1 | R173: 64.1 | S173: 64 | U173: 65.1 | W173: 63 | AA173: 40
A174: 89 | C174: 125 | G174: 62.1 | H174: 64 | I174: 63 | K174: 66 | M174: 64 | N174: 65 | O174: 63 | P174: 64 | R174: 64 | T174: 65 | V174: 63 | AA174: 39
A175: 88 | B175: 125 | C175: 124 | D175: 126 | E175: 126 | F175: 126 | J175: 62 | L175: 64 | O175: 62 | P175: 63 | Q175: 64 | S175: 63 | T175: 64 | U175: 65 | AA175: 38
A176: 87 | B176: 124.1 | C176: 123 | D176: 125 | E176: 125 | F176: 125 | K176: 65 | L176: 63 | M176: 63 | N176: 64 | R176: 63 | U176: 64 | W176: 62 | AA176: 37
A177: 86 | B177: 124 | D177: 124 | E177: 124.1 | F177: 124 | G177: 62 | H177: 63 | K177: 64.1 | N177: 63 | O177: 61 | Q177: 63 | S177: 62.1 | T177: 63 | U177: 63 | V177: 62.1 | AA177: 36
A178: 85 | C178: 122.1 | D178: 123 | E178: 124 | F178: 123 | I178: 62 | J178: 61.1 | K178: 64 | L178: 62.1 | M178: 62 | N178: 62 | P178: 62 | R178: 62 | U178: 62 | W178: 61 | AA178: 35
A179: 84 | B179: 123 | C179: 122 | E179: 123 | F179: 122 | H179: 62 | K179: 63 | O179: 60 | Q179: 62 | S179: 62 | T179: 62.1 | V179: 62 | AA179: 34
A180: 83 | B180: 122 | C180: 121 | D180: 122 | E180: 122 | F180: 121.1 | G180: 61 | K180: 62 | L180: 62 | M180: 61 | N180: 61.1 | P180: 61.1 | U180: 61.1 | W180: 60 | AA180: 33
A181: 82 | D181: 121.1 | I181: 61 | J181: 61 | K181: 61 | N181: 61 | R181: 61 | T181: 62 | AA181: 32
A182: 81 | B182: 121 | C182: 120 | E182: 121 | F182: 121 | H182: 61.1 | L182: 61 | O182: 59 | Q182: 61 | S182: 61 | U182: 61 | V182: 61 | AA182: 31
A183: 80 | D183: 121 | E183: 120 | F183: 120 | G183: 60 | K183: 60.1 | M183: 60 | N183: 60 | P183: 61 | R183: 60.1 | T183: 61 | U183: 60 | W183: 59 | AA183: 30
A184: 79 | B184: 120 | C184: 119 | F184: 119 | K184: 60 | L184: 60 | N184: 59 | Q184: 60.1 | S184: 60 | AA184: 29
A185: 78 | B185: 119.1 | C185: 118 | D185: 120 | E185: 119.1 | H185: 61 | I185: 60 | J185: 60 | O185: 58 | P185: 60 | R185: 60 | T185: 60 | U185: 59 | V185: 60 | AA185: 28
A186: 77 | D186: 119 | E186: 119 | F186: 118 | G186: 59 | K186: 59 | L186: 59 | M186: 59 | N186: 58 | Q186: 60 | S186: 59 | W186: 58 | AA186: 27
A187: 76 | B187: 119 | C187: 117.1 | D187: 118 | E187: 118 | F187: 117 | H187: 60 | I187: 59.1 | J187: 59 | K187: 58 | P187: 59 | R187: 59 | T187: 59 | U187: 58.1 | V187: 59.1 | AA187: 26
A188: 75 | B188: 118 | D188: 117 | E188: 117 | F188: 116.1 | L188: 58 | M188: 58.1 | N188: 57 | O188: 57 | Q188: 59 | U188: 58 | AA188: 25
A189: 74 | C189: 117 | D189: 116.1 | E189: 116 | F189: 116 | G189: 58.1 | H189: 59.1 | I189: 59 | J189: 58 | K189: 57 | N189: 56 | P189: 58 | R189: 58 | S189: 58.1 | T189: 58.1 | V189: 59 | W189: 57.1 | AA189: 24
...

Sheet        가 군       
B1: 가 | C1: 나 | D1: 다 | E1: 가나다 | I1: 환산점수 배치표 (가 군) 2025학년도 수능 실채점기준
B2: 1 | C2: 2 | D2: 3 | E2: 4 | R2: 제작 및 검토 <베텔기우스> Betelgeuse058.tistory.com
B3: 군 입력
B4: 1 | C4: =IF($B$4=1,CONCATENATE($B$1,AE4),IF($B$4=2,CONCATENATE($C$1,AE4),IF($B$4=3,CONCATENATE($D$1,AE4),IF($B$4=4,CONCATENATE($E$1,AE4))))) -> 가
C5: =IFERROR(INDEX('배치점수 계산기'!A9:C9,MATCH(C4,'배치점수 계산기'!A7:C7,0)),) -> 0 | R5: 판정 기준점수
M6: 감점 상세 | P6: 나의 점수 | R6: 안정 | S6: 적정 | T6: 예상컷 | U6: 도전 | W6: 반영 방법 | Y6: 실질 반영비
E7: 공식 연번 | H7: 모집군 | I7: 대학 | J7: 학과 | K7: 계열 | L7: 지원가능 | M7: 영어감점 | N7: 영어감점 비율 | O7: 한국사/외국어 | P7: 합격확률 추정 | Q7: 환산점수 | R7: 0.9 | S7: 0.7 | T7: 0.4 | U7: 0.1 | V7: 0.03 | W7: 국 수 | X7: 탐구 | Y7: 국 | Z7: 수 | AA7: 탐 | AD7: 서식기준
C8: =_xlfn.CONCAT($C$4,G8) -> 가1 | D8: =MATCH($C8,'배치점수 계산기'!$O$11:$O$3001,0) -> 1 | E8: =OFFSET('배치점수 계산기'!A$10,D8,0) -> 5 | F8: =MATCH(E8,환산공식!$A$16:$A$301,0) -> 5 | G8: 1 | H8: =IFERROR(INDEX('배치점수 계산기'!C$11:C$3001,MATCH($C8,'배치점수 계산기'!$O$11:$O$3001,0)),"") -> 가 | I8: =IFERROR(INDEX('배치점수 계산기'!D$11:D$3001,MATCH($C8,'배치점수 계산기'!$O$11:$O$3001,0)),"") -> 연세대 | J8: =IFERROR(INDEX('배치점수 계산기'!E$11:E$3001,MATCH($C8,'배치점수 계산기'!$O$11:$O$3001,0)),"") -> 반도체 | K8: =IFERROR(INDEX('배치점수 계산기'!F$11:F$3001,MATCH($C8,'배치점수 계산기'!$O$11:$O$3001,0)),"") -> 자연 | L8: =IF(OFFSET(환산공식!$DU$15,$F8,0)=1,"O","X") -> X | M8: =IFERROR(OFFSET(환산공식!DA$15,$F8,0),"") -> 111.1 | N8: =IFERROR(CONCATENATE(ROUND(OFFSET(환산공식!DB$15,$F8,0),1),"%"),"") -> 100% | O8: =IFERROR(OFFSET(환산공식!DC$15,$F8,0),"") -> 10 | P8: =IF(E8="","",IF(Q8>R8,"90% 이상",IF(Q8>S8,CONCATENATE(ROUND(((Q8-S8)/(R8-S8))*20+70,0),"%"),IF(Q8>T8,CONCATENATE(ROUND(((Q8-T8)/(S8-T8))*30+40,0),"%"),IF(Q8>U8,CONCATENATE(ROUND(((Q8-U8)/(T8-U8))*30+10,0),"%"),IF(Q8>V8,CONCATENATE(ROUND(((Q8-V8)/(U8-V8))*7+3,0),"%"),"3% 이하")))))) -> 3% 이하 | Q8: =IFERROR(ROUND(OFFSET(환산공식!$EX$15,$F8,0),3),"") -> 0 | R8: =OFFSET('배치점수 계산기'!H$10,$D8,0) -> 711.155 | S8: =OFFSET('배치점수 계산기'!I$10,$D8,0) -> 710.747 | T8: =OFFSET('배치점수 계산기'!J$10,$D8,0) -> 709.964 | U8: =OFFSET('배치점수 계산기'!K$10,$D8,0) -> 705.794 | V8: =OFFSET('배치점수 계산기'!L$10,$D8,0) -> 701.412 | W8: =OFFSET('배치점수 계산기'!M$10,$D8,0) -> 표점 | X8: =OFFSET('배치점수 계산기'!N$10,$D8,0) -> 변표 | Y8: =OFFSET(환산공식!FG$15,$F8,0) -> 0.25 | Z8: =OFFSET(환산공식!FH$15,$F8,0) -> 0.38 | AA8: =OFFSET(환산공식!FI$15,$F8,0) -> 0.38 | AD8: =IF(L8="X",6,IF(Q8>R8,1,IF(Q8>S8,2,IF(Q8>T8,3,IF(Q8>U8,4,IF(Q8>=V8,5,IF(Q8<V8,6,""))))))) -> 6
C9: 가2 | D9: 2 | E9: 5 | F9: 5 | G9: 2 | H9: 가 | I9: 연세대 | J9: 전기전자 | K9: 자연 | L9: =IF(OFFSET(환산공식!$DU$15,$F9,0)=1,"O","X") -> X | M9: =IFERROR(OFFSET(환산공식!DA$15,$F9,0),"") -> 111.1 | N9: =IFERROR(CONCATENATE(ROUND(OFFSET(환산공식!DB$15,$F9,0),1),"%"),"") -> 100% | O9: =IFERROR(OFFSET(환산공식!DC$15,$F9,0),"") -> 10 | P9: =IF(E9="","",IF(Q9>R9,"90% 이상",IF(Q9>S9,CONCATENATE(ROUND(((Q9-S9)/(R9-S9))*20+70,0),"%"),IF(Q9>T9,CONCATENATE(ROUND(((Q9-T9)/(S9-T9))*30+40,0),"%"),IF(Q9>U9,CONCATENATE(ROUND(((Q9-U9)/(T9-U9))*30+10,0),"%"),IF(Q9>V9,CONCATENATE(ROUND(((Q9-V9)/(U9-V9))*7+3,0),"%"),"3% 이하")))))) -> 3% 이하 | Q9: =IFERROR(ROUND(OFFSET(환산공식!$EX$15,$F9,0),3),"") -> 0 | R9: =OFFSET('배치점수 계산기'!H$10,$D9,0) -> 710.339 | S9: =OFFSET('배치점수 계산기'!I$10,$D9,0) -> 709.964 | T9: =OFFSET('배치점수 계산기'!J$10,$D9,0) -> 707.723 | U9: =OFFSET('배치점수 계산기'!K$10,$D9,0) -> 706.369 | V9: =OFFSET('배치점수 계산기'!L$10,$D9,0) -> 702.252 | W9: =OFFSET('배치점수 계산기'!M$10,$D9,0) -> 표점 | X9: =OFFSET('배치점수 계산기'!N$10,$D9,0) -> 변표 | Y9: =OFFSET(환산공식!FG$15,$F9,0) -> 0.25 | Z9: =OFFSET(환산공식!FH$15,$F9,0) -> 0.38 | AA9: =OFFSET(환산공식!FI$15,$F9,0) -> 0.38 | AD9: =IF(L9="X",6,IF(Q9>R9,1,IF(Q9>S9,2,IF(Q9>T9,3,IF(Q9>U9,4,IF(Q9>=V9,5,IF(Q9<V9,6,""))))))) -> 6
C10: 가3 | D10: 3 | E10: 5 | F10: 5 | G10: 3 | H10: 가 | I10: 연세대 | J10: 신소재 | K10: 자연 | L10: =IF(OFFSET(환산공식!$DU$15,$F10,0)=1,"O","X") -> X | M10: =IFERROR(OFFSET(환산공식!DA$15,$F10,0),"") -> 111.1 | N10: =IFERROR(CONCATENATE(ROUND(OFFSET(환산공식!DB$15,$F10,0),1),"%"),"") -> 100% | O10: =IFERROR(OFFSET(환산공식!DC$15,$F10,0),"") -> 10 | P10: =IF(E10="","",IF(Q10>R10,"90% 이상",IF(Q10>S10,CONCATENATE(ROUND(((Q10-S10)/(R10-S10))*20+70,0),"%"),IF(Q10>T10,CONCATENATE(ROUND(((Q10-T10)/(S10-T10))*30+40,0),"%"),IF(Q10>U10,CONCATENATE(ROUND(((Q10-U10)/(T10-U10))*30+10,0),"%"),IF(Q10>V10,CONCATENATE(ROUND(((Q10-V10)/(U10-V10))*7+3,0),"%"),"3% 이하")))))) -> 3% 이하 | Q10: =IFERROR(ROUND(OFFSET(환산공식!$EX$15,$F10,0),3),"") -> 0 | R10: =OFFSET('배치점수 계산기'!H$10,$D10,0) -> 709.853 | S10: =OFFSET('배치점수 계산기'!I$10,$D10,0) -> 709.029 | T10: =OFFSET('배치점수 계산기'!J$10,$D10,0) -> 707.723 | U10: =OFFSET('배치점수 계산기'!K$10,$D10,0) -> 706.147 | V10: =OFFSET('배치점수 계산기'!L$10,$D10,0) -> 703.714 | W10: =OFFSET('배치점수 계산기'!M$10,$D10,0) -> 표점 | X10: =OFFSET('배치점수 계산기'!N$10,$D10,0) -> 변표 | Y10: =OFFSET(환산공식!FG$15,$F10,0) -> 0.25 | Z10: =OFFSET(환산공식!FH$15,$F10,0) -> 0.38 | AA10: =OFFSET(환산공식!FI$15,$F10,0) -> 0.38 | AD10: =IF(L10="X",6,IF(Q10>R10,1,IF(Q10>S10,2,IF(Q10>T10,3,IF(Q10>U10,4,IF(Q10>=V10,5,IF(Q10<V10,6,""))))))) -> 6
C11: 가4 | D11: 4 | E11: 5 | F11: 5 | G11: 4 | H11: 가 | I11: 연세대 | J11: 화생공 | K11: 자연 | L11: =IF(OFFSET(환산공식!$DU$15,$F11,0)=1,"O","X") -> X | M11: =IFERROR(OFFSET(환산공식!DA$15,$F11,0),"") -> 111.1 | N11: =IFERROR(CONCATENATE(ROUND(OFFSET(환산공식!DB$15,$F11,0),1),"%"),"") -> 100% | O11: =IFERROR(OFFSET(환산공식!DC$15,$F11,0),"") -> 10 | P11: =IF(E11="","",IF(Q11>R11,"90% 이상",IF(Q11>S11,CONCATENATE(ROUND(((Q11-S11)/(R11-S11))*20+70,0),"%"),IF(Q11>T11,CONCATENATE(ROUND(((Q11-T11)/(S11-T11))*30+40,0),"%"),IF(Q11>U11,CONCATENATE(ROUND(((Q11-U11)/(T11-U11))*30+10,0),"%"),IF(Q11>V11,CONCATENATE(ROUND(((Q11-V11)/(U11-V11))*7+3,0),"%"),"3% 이하")))))) -> 3% 이하 | Q11: =IFERROR(ROUND(OFFSET(환산공식!$EX$15,$F11,0),3),"") -> 0 | R11: =OFFSET('배치점수 계산기'!H$10,$D11,0) -> 709.853 | S11: =OFFSET('배치점수 계산기'!I$10,$D11,0) -> 709.029 | T11: =OFFSET('배치점수 계산기'!J$10,$D11,0) -> 707.723 | U11: =OFFSET('배치점수 계산기'!K$10,$D11,0) -> 704.564 | V11: =OFFSET('배치점수 계산기'!L$10,$D11,0) -> 698.604 | W11: =OFFSET('배치점수 계산기'!M$10,$D11,0) -> 표점 | X11: =OFFSET('배치점수 계산기'!N$10,$D11,0) -> 변표 | Y11: =OFFSET(환산공식!FG$15,$F11,0) -> 0.25 | Z11: =OFFSET(환산공식!FH$15,$F11,0) -> 0.38 | AA11: =OFFSET(환산공식!FI$15,$F11,0) -> 0.38 | AD11: =IF(L11="X",6,IF(Q11>R11,1,IF(Q11>S11,2,IF(Q11>T11,3,IF(Q11>U11,4,IF(Q11>=V11,5,IF(Q11<V11,6,""))))))) -> 6
C12: 가5 | D12: 5 | E12: 5 | F12: 5 | G12: 5 | H12: 가 | I12: 연세대 | J12: 인공지능 | K12: 자연 | L12: =IF(OFFSET(환산공식!$DU$15,$F12,0)=1,"O","X") -> X | M12: =IFERROR(OFFSET(환산공식!DA$15,$F12,0),"") -> 111.1 | N12: =IFERROR(CONCATENATE(ROUND(OFFSET(환산공식!DB$15,$F12,0),1),"%"),"") -> 100% | O12: =IFERROR(OFFSET(환산공식!DC$15,$F12,0),"") -> 10 | P12: =IF(E12="","",IF(Q12>R12,"90% 이상",IF(Q12>S12,CONCATENATE(ROUND(((Q12-S12)/(R12-S12))*20+70,0),"%"),IF(Q12>T12,CONCATENATE(ROUND(((Q12-T12)/(S12-T12))*30+40,0),"%"),IF(Q12>U12,CONCATENATE(ROUND(((Q12-U12)/(T12-U12))*30+10,0),"%"),IF(Q12>V12,CONCATENATE(ROUND(((Q12-V12)/(U12-V12))*7+3,0),"%"),"3% 이하")))))) -> 3% 이하 | Q12: =IFERROR(ROUND(OFFSET(환산공식!$EX$15,$F12,0),3),"") -> 0 | R12: =OFFSET('배치점수 계산기'!H$10,$D12,0) -> 709.853 | S12: =OFFSET('배치점수 계산기'!I$10,$D12,0) -> 708.436 | T12: =OFFSET('배치점수 계산기'!J$10,$D12,0) -> 706.962 | U12: =OFFSET('배치점수 계산기'!K$10,$D12,0) -> 704.026 | V12: =OFFSET('배치점수 계산기'!L$10,$D12,0) -> 698.493 | W12: =OFFSET('배치점수 계산기'!M$10,$D12,0) -> 표점 | X12: =OFFSET('배치점수 계산기'!N$10,$D12,0) -> 변표 | Y12: =OFFSET(환산공식!FG$15,$F12,0) -> 0.25 | Z12: =OFFSET(환산공식!FH$15,$F12,0) -> 0.38 | AA12: =OFFSET(환산공식!FI$15,$F12,0) -> 0.38 | AD12: =IF(L12="X",6,IF(Q12>R12,1,IF(Q12>S12,2,IF(Q12>T12,3,IF(Q12>U12,4,IF(Q12>=V12,5,IF(Q12<V12,6,""))))))) -> 6
C13: 가6 | D13: 6 | E13: 5 | F13: 5 | G13: 6 | H13: 가 | I13: 연세대 | J13: 기계 | K13: 자연 | L13: =IF(OFFSET(환산공식!$DU$15,$F13,0)=1,"O","X") -> X | M13: =IFERROR(OFFSET(환산공식!DA$15,$F13,0),"") -> 111.1 | N13: =IFERROR(CONCATENATE(ROUND(OFFSET(환산공식!DB$15,$F13,0),1),"%"),"") -> 100% | O13: =IFERROR(OFFSET(환산공식!DC$15,$F13,0),"") -> 10 | P13: =IF(E13="","",IF(Q13>R13,"90% 이상",IF(Q13>S13,CONCATENATE(ROUND(((Q13-S13)/(R13-S13))*20+70,0),"%"),IF(Q13>T13,CONCATENATE(ROUND(((Q13-T13)/(S13-T13))*30+40,0),"%"),IF(Q13>U13,CONCATENATE(ROUND(((Q13-U13)/(T13-U13))*30+10,0),"%"),IF(Q13>V13,CONCATENATE(ROUND(((Q13-V13)/(U13-V13))*7+3,0),"%"),"3% 이하")))))) -> 3% 이하 | Q13: =IFERROR(ROUND(OFFSET(환산공식!$EX$15,$F13,0),3),"") -> 0 | R13: =OFFSET('배치점수 계산기'!H$10,$D13,0) -> 709.37 | S13: =OFFSET('배치점수 계산기'!I$10,$D13,0) -> 708.436 | T13: =OFFSET('배치점수 계산기'!J$10,$D13,0) -> 706.962 | U13: =OFFSET('배치점수 계산기'!K$10,$D13,0) -> 705.572 | V13: =OFFSET('배치점수 계산기'!L$10,$D13,0) -> 703.714 | W13: =OFFSET('배치점수 계산기'!M$10,$D13,0) -> 표점 | X13: =OFFSET('배치점수 계산기'!N$10,$D13,0) -> 변표 | Y13: =OFFSET(환산공식!FG$15,$F13,0) -> 0.25 | Z13: =OFFSET(환산공식!FH$15,$F13,0) -> 0.38 | AA13: =OFFSET(환산공식!FI$15,$F13,0) -> 0.38 | AD13: =IF(L13="X",6,IF(Q13>R13,1,IF(Q13>S13,2,IF(Q13>T13,3,IF(Q13>U13,4,IF(Q13>=V13,5,IF(Q13<V13,6,""))))))) -> 6
C14: 가7 | D14: 7 | E14: 5 | F14: 5 | G14: 7 | H14: 가 | I14: 연세대 | J14: 화학 | K14: 자연 | L14: =IF(OFFSET(환산공식!$DU$15,$F14,0)=1,"O","X") -> X | M14: =IFERROR(OFFSET(환산공식!DA$15,$F14,0),"") -> 111.1 | N14: =IFERROR(CONCATENATE(ROUND(OFFSET(환산공식!DB$15,$F14,0),1),"%"),"") -> 100% | O14: =IFERROR(OFFSET(환산공식!DC$15,$F14,0),"") -> 10 | P14: =IF(E14="","",IF(Q14>R14,"90% 이상",IF(Q14>S14,CONCATENATE(ROUND(((Q14-S14)/(R14-S14))*20+70,0),"%"),IF(Q14>T14,CONCATENATE(ROUND(((Q14-T14)/(S14-T14))*30+40,0),"%"),IF(Q14>U14,CONCATENATE(ROUND(((Q14-U14)/(T14-U14))*30+10,0),"%"),IF(Q14>V14,CONCATENATE(ROUND(((Q14-V14)/(U14-V14))*7+3,0),"%"),"3% 이하")))))) -> 3% 이하 | Q14: =IFERROR(ROUND(OFFSET(환산공식!$EX$15,$F14,0),3),"") -> 0 | R14: =OFFSET('배치점수 계산기'!H$10,$D14,0) -> 708.918 | S14: =OFFSET('배치점수 계산기'!I$10,$D14,0) -> 707.723 | T14: =OFFSET('배치점수 계산기'!J$10,$D14,0) -> 706.147 | U14: =OFFSET('배치점수 계산기'!K$10,$D14,0) -> 704.564 | V14: =OFFSET('배치점수 계산기'!L$10,$D14,0) -> 703.231 | W14: =OFFSET('배치점수 계산기'!M$10,$D14,0) -> 표점 | X14: =OFFSET('배치점수 계산기'!N$10,$D14,0) -> 변표 | Y14: =OFFSET(환산공식!FG$15,$F14,0) -> 0.25 | Z14: =OFFSET(환산공식!FH$15,$F14,0) -> 0.38 | AA14: =OFFSET(환산공식!FI$15,$F14,0) -> 0.38 | AD14: =IF(L14="X",6,IF(Q14>R14,1,IF(Q14>S14,2,IF(Q14>T14,3,IF(Q14>U14,4,IF(Q14>=V14,5,IF(Q14<V14,6,""))))))) -> 6
C15: 가8 | D15: 8 | E15: 5 | F15: 5 | G15: 8 | H15: 가 | I15: 연세대 | J15: 컴퓨터 | K15: 자연 | L15: =IF(OFFSET(환산공식!$DU$15,$F15,0)=1,"O","X") -> X | M15: =IFERROR(OFFSET(환산공식!DA$15,$F15,0),"") -> 111.1 | N15: =IFERROR(CONCATENATE(ROUND(OFFSET(환산공식!DB$15,$F15,0),1),"%"),"") -> 100% | O15: =IFERROR(OFFSET(환산공식!DC$15,$F15,0),"") -> 10 | P15: =IF(E15="","",IF(Q15>R15,"90% 이상",IF(Q15>S15,CONCATENATE(ROUND(((Q15-S15)/(R15-S15))*20+70,0),"%"),IF(Q15>T15,CONCATENATE(ROUND(((Q15-T15)/(S15-T15))*30+40,0),"%"),IF(Q15>U15,CONCATENATE(ROUND(((Q15-U15)/(T15-U15))*30+10,0),"%"),IF(Q15>V15,CONCATENATE(ROUND(((Q15-V15)/(U15-V15))*7+3,0),"%"),"3% 이하")))))) -> 3% 이하 | Q15: =IFERROR(ROUND(OFFSET(환산공식!$EX$15,$F15,0),3),"") -> 0 | R15: =OFFSET('배치점수 계산기'!H$10,$D15,0) -> 710.339 | S15: =OFFSET('배치점수 계산기'!I$10,$D15,0) -> 709.37 | T15: =OFFSET('배치점수 계산기'!J$10,$D15,0) -> 705.794 | U15: =OFFSET('배치점수 계산기'!K$10,$D15,0) -> 703.231 | V15: =OFFSET('배치점수 계산기'!L$10,$D15,0) -> 702.252 | W15: =OFFSET('배치점수 계산기'!M$10,$D15,0) -> 표점 | X15: =OFFSET('배치점수 계산기'!N$10,$D15,0) -> 변표 | Y15: =OFFSET(환산공식!FG$15,$F15,0) -> 0.25 | Z15: =OFFSET(환산공식!FH$15,$F15,0) -> 0.38 | AA15: =OFFSET(환산공식!FI$15,$F15,0) -> 0.38 | AD15: =IF(L15="X",6,IF(Q15>R15,1,IF(Q15>S15,2,IF(Q15>T15,3,IF(Q15>U15,4,IF(Q15>=V15,5,IF(Q15<V15,6,""))))))) -> 6
C16: 가9 | D16: 9 | E16: 5 | F16: 5 | G16: 9 | H16: 가 | I16: 연세대 | J16: 수학 | K16: 자연 | L16: =IF(OFFSET(환산공식!$DU$15,$F16,0)=1,"O","X") -> X | M16: =IFERROR(OFFSET(환산공식!DA$15,$F16,0),"") -> 111.1 | N16: =IFERROR(CONCATENATE(ROUND(OFFSET(환산공식!DB$15,$F16,0),1),"%"),"") -> 100% | O16: =IFERROR(OFFSET(환산공식!DC$15,$F16,0),"") -> 10 | P16: =IF(E16="","",IF(Q16>R16,"90% 이상",IF(Q16>S16,CONCATENATE(ROUND(((Q16-S16)/(R16-S16))*20+70,0),"%"),IF(Q16>T16,CONCATENATE(ROUND(((Q16-T16)/(S16-T16))*30+40,0),"%"),IF(Q16>U16,CONCATENATE(ROUND(((Q16-U16)/(T16-U16))*30+10,0),"%"),IF(Q16>V16,CONCATENATE(ROUND(((Q16-V16)/(U16-V16))*7+3,0),"%"),"3% 이하")))))) -> 3% 이하 | Q16: =IFERROR(ROUND(OFFSET(환산공식!$EX$15,$F16,0),3),"") -> 0 | R16: =OFFSET('배치점수 계산기'!H$10,$D16,0) -> 708.918 | S16: =OFFSET('배치점수 계산기'!I$10,$D16,0) -> 707.723 | T16: =OFFSET('배치점수 계산기'!J$10,$D16,0) -> 705.794 | U16: =OFFSET('배치점수 계산기'!K$10,$D16,0) -> 704.675 | V16: =OFFSET('배치점수 계산기'!L$10,$D16,0) -> 703.231 | W16: =OFFSET('배치점수 계산기'!M$10,$D16,0) -> 표점 | X16: =OFFSET('배치점수 계산기'!N$10,$D16,0) -> 변표 | Y16: =OFFSET(환산공식!FG$15,$F16,0) -> 0.25 | Z16: =OFFSET(환산공식!FH$15,$F16,0) -> 0.38 | AA16: =OFFSET(환산공식!FI$15,$F16,0) -> 0.38 | AD16: =IF(L16="X",6,IF(Q16>R16,1,IF(Q16>S16,2,IF(Q16>T16,3,IF(Q16>U16,4,IF(Q16>=V16,5,IF(Q16<V16,6,""))))))) -> 6
C17: 가10 | D17: 10 | E17: 5 | F17: 5 | G17: 10 | H17: 가 | I17: 연세대 | J17: 생명공학 | K17: 자연 | L17: =IF(OFFSET(환산공식!$DU$15,$F17,0)=1,"O","X") -> X | M17: =IFERROR(OFFSET(환산공식!DA$15,$F17,0),"") -> 111.1 | N17: =IFERROR(CONCATENATE(ROUND(OFFSET(환산공식!DB$15,$F17,0),1),"%"),"") -> 100% | O17: =IFERROR(OFFSET(환산공식!DC$15,$F17,0),"") -> 10 | P17: =IF(E17="","",IF(Q17>R17,"90% 이상",IF(Q17>S17,CONCATENATE(ROUND(((Q17-S17)/(R17-S17))*20+70,0),"%"),IF(Q17>T17,CONCATENATE(ROUND(((Q17-T17)/(S17-T17))*30+40,0),"%"),IF(Q17>U17,CONCATENATE(ROUND(((Q17-U17)/(T17-U17))*30+10,0),"%"),IF(Q17>V17,CONCATENATE(ROUND(((Q17-V17)/(U17-V17))*7+3,0),"%"),"3% 이하")))))) -> 3% 이하 | Q17: =IFERROR(ROUND(OFFSET(환산공식!$EX$15,$F17,0),3),"") -> 0 | R17: =OFFSET('배치점수 계산기'!H$10,$D17,0) -> 708.308 | S17: =OFFSET('배치점수 계산기'!I$10,$D17,0) -> 707.406 | T17: =OFFSET('배치점수 계산기'!J$10,$D17,0) -> 705.794 | U17: =OFFSET('배치점수 계산기'!K$10,$D17,0) -> 702.252 | V17: =OFFSET('배치점수 계산기'!L$10,$D17,0) -> 697.597 | W17: =OFFSET('배치점수 계산기'!M$10,$D17,0) -> 표점 | X17: =OFFSET('배치점수 계산기'!N$10,$D17,0) -> 변표 | Y17: =OFFSET(환산공식!FG$15,$F17,0) -> 0.25 | Z17: =OFFSET(환산공식!FH$15,$F17,0) -> 0.38 | AA17: =OFFSET(환산공식!FI$15,$F17,0) -> 0.38 | AD17: =IF(L17="X",6,IF(Q17>R17,1,IF(Q17>S17,2,IF(Q17>T17,3,IF(Q17>U17,4,IF(Q17>=V17,5,IF(Q17<V17,6,""))))))) -> 6
C18: 가11 | D18: 11 | E18: 5 | F18: 5 | G18: 11 | H18: 가 | I18: 연세대 | J18: 산업 | K18: 자연 | L18: =IF(OFFSET(환산공식!$DU$15,$F18,0)=1,"O","X") -> X | M18: =IFERROR(OFFSET(환산공식!DA$15,$F18,0),"") -> 111.1 | N18: =IFERROR(CONCATENATE(ROUND(OFFSET(환산공식!DB$15,$F18,0),1),"%"),"") -> 100% | O18: =IFERROR(OFFSET(환산공식!DC$15,$F18,0),"") -> 10 | P18: =IF(E18="","",IF(Q18>R18,"90% 이상",IF(Q18>S18,CONCATENATE(ROUND(((Q18-S18)/(R18-S18))*20+70,0),"%"),IF(Q18>T18,CONCATENATE(ROUND(((Q18-T18)/(S18-T18))*30+40,0),"%"),IF(Q18>U18,CONCATENATE(ROUND(((Q18-U18)/(T18-U18))*30+10,0),"%"),IF(Q18>V18,CONCATENATE(ROUND(((Q18-V18)/(U18-V18))*7+3,0),"%"),"3% 이하")))))) -> 3% 이하 | Q18: =IFERROR(ROUND(OFFSET(환산공식!$EX$15,$F18,0),3),"") -> 0 | R18: =OFFSET('배치점수 계산기'!H$10,$D18,0) -> 708.308 | S18: =OFFSET('배치점수 계산기'!I$10,$D18,0) -> 706.962 | T18: =OFFSET('배치점수 계산기'!J$10,$D18,0) -> 705.271 | U18: =OFFSET('배치점수 계산기'!K$10,$D18,0) -> 702.568 | V18: =OFFSET('배치점수 계산기'!L$10,$D18,0) -> 698.604 | W18: =OFFSET('배치점수 계산기'!M$10,$D18,0) -> 표점 | X18: =OFFSET('배치점수 계산기'!N$10,$D18,0) -> 변표 | Y18: =OFFSET(환산공식!FG$15,$F18,0) -> 0.25 | Z18: =OFFSET(환산공식!FH$15,$F18,0) -> 0.38 | AA18: =OFFSET(환산공식!FI$15,$F18,0) -> 0.38 | AD18: =IF(L18="X",6,IF(Q18>R18,1,IF(Q18>S18,2,IF(Q18>T18,3,IF(Q18>U18,4,IF(Q18>=V18,5,IF(Q18<V18,6,""))))))) -> 6
C19: 가12 | D19: 12 | E19: 5 | F19: 5 | G19: 12 | H19: 가 | I19: 연세대 | J19: 생화학 | K19: 자연 | L19: =IF(OFFSET(환산공식!$DU$15,$F19,0)=1,"O","X") -> X | M19: =IFERROR(OFFSET(환산공식!DA$15,$F19,0),"") -> 111.1 | N19: =IFERROR(CONCATENATE(ROUND(OFFSET(환산공식!DB$15,$F19,0),1),"%"),"") -> 100% | O19: =IFERROR(OFFSET(환산공식!DC$15,$F19,0),"") -> 10 | P19: =IF(E19="","",IF(Q19>R19,"90% 이상",IF(Q19>S19,CONCATENATE(ROUND(((Q19-S19)/(R19-S19))*20+70,0),"%"),IF(Q19>T19,CONCATENATE(ROUND(((Q19-T19)/(S19-T19))*30+40,0),"%"),IF(Q19>U19,CONCATENATE(ROUND(((Q19-U19)/(T19-U19))*30+10,0),"%"),IF(Q19>V19,CONCATENATE(ROUND(((Q19-V19)/(U19-V19))*7+3,0),"%"),"3% 이하")))))) -> 3% 이하 | Q19: =IFERROR(ROUND(OFFSET(환산공식!$EX$15,$F19,0),3),"") -> 0 | R19: =OFFSET('배치점수 계산기'!H$10,$D19,0) -> 708.918 | S19: =OFFSET('배치점수 계산기'!I$10,$D19,0) -> 706.962 | T19: =OFFSET('배치점수 계산기'!J$10,$D19,0) -> 705.271 | U19: =OFFSET('배치점수 계산기'!K$10,$D19,0) -> 704.026 | V19: =OFFSET('배치점수 계산기'!L$10,$D19,0) -> 701.523 | W19: =OFFSET('배치점수 계산기'!M$10,$D19,0) -> 표점 | X19: =OFFSET('배치점수 계산기'!N$10,$D19,0) -> 변표 | Y19: =OFFSET(환산공식!FG$15,$F19,0) -> 0.25 | Z19: =OFFSET(환산공식!FH$15,$F19,0) -> 0.38 | AA19: =OFFSET(환산공식!FI$15,$F19,0) -> 0.38 | AD19: =IF(L19="X",6,IF(Q19>R19,1,IF(Q19>S19,2,IF(Q19>T19,3,IF(Q19>U19,4,IF(Q19>=V19,5,IF(Q19<V19,6,""))))))) -> 6
C20: 가13 | D20: 13 | E20: 5 | F20: 5 | G20: 13 | H20: 가 | I20: 연세대 | J20: 디스플레이 | K20: 자연 | L20: =IF(OFFSET(환산공식!$DU$15,$F20,0)=1,"O","X") -> X | M20: =IFERROR(OFFSET(환산공식!DA$15,$F20,0),"") -> 111.1 | N20: =IFERROR(CONCATENATE(ROUND(OFFSET(환산공식!DB$15,$F20,0),1),"%"),"") -> 100% | O20: =IFERROR(OFFSET(환산공식!DC$15,$F20,0),"") -> 10 | P20: =IF(E20="","",IF(Q20>R20,"90% 이상",IF(Q20>S20,CONCATENATE(ROUND(((Q20-S20)/(R20-S20))*20+70,0),"%"),IF(Q20>T20,CONCATENATE(ROUND(((Q20-T20)/(S20-T20))*30+40,0),"%"),IF(Q20>U20,CONCATENATE(ROUND(((Q20-U20)/(T20-U20))*30+10,0),"%"),IF(Q20>V20,CONCATENATE(ROUND(((Q20-V20)/(U20-V20))*7+3,0),"%"),"3% 이하")))))) -> 3% 이하 | Q20: =IFERROR(ROUND(OFFSET(환산공식!$EX$15,$F20,0),3),"") -> 0 | R20: =OFFSET('배치점수 계산기'!H$10,$D20,0) -> 707.723 | S20: =OFFSET('배치점수 계산기'!I$10,$D20,0) -> 706.369 | T20: =OFFSET('배치점수 계산기'!J$10,$D20,0) -> 704.937 | U20: =OFFSET('배치점수 계산기'!K$10,$D20,0) -> 704.026 | V20: =OFFSET('배치점수 계산기'!L$10,$D20,0) -> 698.493 | W20: =OFFSET('배치점수 계산기'!M$10,$D20,0) -> 표점 | X20: =OFFSET('배치점수 계산기'!N$10,$D20,0) -> 변표 | Y20: =OFFSET(환산공식!FG$15,$F20,0) -> 0.25 | Z20: =OFFSET(환산공식!FH$15,$F20,0) -> 0.38 | AA20: =OFFSET(환산공식!FI$15,$F20,0) -> 0.38 | AD20: =IF(L20="X",6,IF(Q20>R20,1,IF(Q20>S20,2,IF(Q20>T20,3,IF(Q20>U20,4,IF(Q20>=V20,5,IF(Q20<V20,6,""))))))) -> 6
... C898: 가891 | D898: 902 | E898: 87 | F898: 87 | G898: 891 | H898: 가 | I898: 이화여대 | J898: 초등교 | K898: 통합 | L898: =IF(OFFSET(환산공식!$DU$15,$F898,0)=1,"O","X") -> X | M898: =IFERROR(OFFSET(환산공식!DA$15,$F898,0),"") -> 200 | N898: =IFERROR(CONCATENATE(ROUND(OFFSET(환산공식!DB$15,$F898,0),1),"%"),"") -> 100% | O898: =IFERROR(OFFSET(환산공식!DC$15,$F898,0),"") -> 10 | P898: =IF(E898="","",IF(Q898>R898,"90% 이상",IF(Q898>S898,CONCATENATE(ROUND(((Q898-S898)/(R898-S898))*20+70,0),"%"),IF(Q898>T898,CONCATENATE(ROUND(((Q898-T898)/(S898-T898))*30+40,0),"%"),IF(Q898>U898,CONCATENATE(ROUND(((Q898-U898)/(T898-U898))*30+10,0),"%"),IF(Q898>V898,CONCATENATE(ROUND(((Q898-V898)/(U898-V898))*7+3,0),"%"),"3% 이하")))))) -> 3% 이하 | Q898: =IFERROR(ROUND(OFFSET(환산공식!$EX$15,$F898,0),3),"") -> 0 | R898: =OFFSET('배치점수 계산기'!H$10,$D898,0) -> 937.351 | S898: =OFFSET('배치점수 계산기'!I$10,$D898,0) -> 935.859 | T898: =OFFSET('배치점수 계산기'!J$10,$D898,0) -> 932.346 | U898: =OFFSET('배치점수 계산기'!K$10,$D898,0) -> 928.401 | V898: =OFFSET('배치점수 계산기'!L$10,$D898,0) -> 924.162 | W898: =OFFSET('배치점수 계산기'!M$10,$D898,0) -> 표점/만점 | X898: =OFFSET('배치점수 계산기'!N$10,$D898,0) -> 변표/만점 | Y898: =OFFSET(환산공식!FG$15,$F898,0) -> 0.37 | Z898: =OFFSET(환산공식!FH$15,$F898,0) -> 0.37 | AA898: =OFFSET(환산공식!FI$15,$F898,0) -> 0.26 | AD898: =IF(L898="X",6,IF(Q898>R898,1,IF(Q898>S898,2,IF(Q898>T898,3,IF(Q898>U898,4,IF(Q898>=V898,5,IF(Q898<V898,6,""))))))) -> 6
C899: =_xlfn.CONCAT($C$4,G899) -> 가892 | D899: =MATCH($C899,'배치점수 계산기'!$O$11:$O$3001,0) -> #N/A | E899: =OFFSET('배치점수 계산기'!A$10,D899,0) -> #N/A | F899: =MATCH(E899,환산공식!$A$16:$A$301,0) -> #N/A | G899: 892 | AD899: =IF(L899="X",6,IF(Q899>R899,1,IF(Q899>S899,2,IF(Q899>T899,3,IF(Q899>U899,4,IF(Q899>=V899,5,IF(Q899<V899,6,""))))))) -> 5
C900: =_xlfn.CONCAT($C$4,G900) -> 가893 | D900: =MATCH($C900,'배치점수 계산기'!$O$11:$O$3001,0) -> #N/A | E900: =OFFSET('배치점수 계산기'!A$10,D900,0) -> #N/A | F900: =MATCH(E900,환산공식!$A$16:$A$301,0) -> #N/A | G900: 893 | AD900: =IF(L900="X",6,IF(Q900>R900,1,IF(Q900>S900,2,IF(Q900>T900,3,IF(Q900>U900,4,IF(Q900>=V900,5,IF(Q900<V900,6,""))))))) -> 5

Sheet        나 군       
B1: 가 | C1: 나 | D1: 다 | E1: 가나다 | I1: 환산점수 배치표 (나 군) 2025학년도 수능 실채점기준
B2: 1 | C2: 2 | D2: 3 | E2: 4 | R2: 제작 및 검토 <베텔기우스> Betelgeuse058.tistory.com
B3: 군 입력
B4: 2 | C4: =IF($B$4=1,CONCATENATE($B$1,AE4),IF($B$4=2,CONCATENATE($C$1,AE4),IF($B$4=3,CONCATENATE($D$1,AE4),IF($B$4=4,CONCATENATE($E$1,AE4))))) -> 나
C5: =IFERROR(INDEX('배치점수 계산기'!A9:C9,MATCH(C4,'배치점수 계산기'!A7:C7,0)),) -> 901 | R5: 판정 기준점수
M6: 감점 상세 | P6: 나의 점수 | R6: 안정 | S6: 적정 | T6: 예상컷 | U6: 도전 | W6: 반영 방법 | Y6: 실질 반영비
E7: 공식 연번 | H7: 모집군 | I7: 대학 | J7: 학과 | K7: 계열 | L7: 지원가능 | M7: 영어감점 | N7: 영어감점 비율 | O7: 한국사/외국어 | P7: 합격확률 추정 | Q7: 환산점수 | R7: 0.9 | S7: 0.7 | T7: 0.4 | U7: 0.1 | V7: 0.03 | W7: 국 수 | X7: 탐구 | Y7: 국 | Z7: 수 | AA7: 탐 | AD7: 서식기준
C8: =_xlfn.CONCAT($C$4,G8) -> 나1 | D8: =MATCH($C8,'배치점수 계산기'!$O$11:$O$3001,0) -> 903 | E8: =OFFSET('배치점수 계산기'!A$10,D8,0) -> 2 | F8: =MATCH(E8,환산공식!$A$16:$A$301,0) -> 2 | G8: 1 | H8: =IFERROR(INDEX('배치점수 계산기'!C$11:C$3001,MATCH($C8,'배치점수 계산기'!$O$11:$O$3001,0)),"") -> 나 | I8: =IFERROR(INDEX('배치점수 계산기'!D$11:D$3001,MATCH($C8,'배치점수 계산기'!$O$11:$O$3001,0)),"") -> 서울대 | J8: =IFERROR(INDEX('배치점수 계산기'!E$11:E$3001,MATCH($C8,'배치점수 계산기'!$O$11:$O$3001,0)),"") -> 수리과학 | K8: =IFERROR(INDEX('배치점수 계산기'!F$11:F$3001,MATCH($C8,'배치점수 계산기'!$O$11:$O$3001,0)),"") -> 자연 | L8: =IF(OFFSET(환산공식!$DU$15,$F8,0)=1,"O","X") -> X | M8: =IFERROR(OFFSET(환산공식!DA$15,$F8,0),"") -> 0 | N8: =IFERROR(CONCATENATE(ROUND(OFFSET(환산공식!DB$15,$F8,0),1),"%"),"") | O8: =IFERROR(OFFSET(환산공식!DC$15,$F8,0),"") -> 0 | P8: =IF(E8="","",IF(Q8>R8,"90% 이상",IF(Q8>S8,CONCATENATE(ROUND(((Q8-S8)/(R8-S8))*20+70,0),"%"),IF(Q8>T8,CONCATENATE(ROUND(((Q8-T8)/(S8-T8))*30+40,0),"%"),IF(Q8>U8,CONCATENATE(ROUND(((Q8-U8)/(T8-U8))*30+10,0),"%"),IF(Q8>V8,CONCATENATE(ROUND(((Q8-V8)/(U8-V8))*7+3,0),"%"),"3% 이하")))))) -> 3% 이하 | Q8: =IFERROR(ROUND(OFFSET(환산공식!$EX$15,$F8,0),3),"") -> 0 | R8: =OFFSET('배치점수 계산기'!H$10,$D8,0) -> 407.92 | S8: =OFFSET('배치점수 계산기'!I$10,$D8,0) -> 407.4 | T8: =OFFSET('배치점수 계산기'!J$10,$D8,0) -> 406.08 | U8: =OFFSET('배치점수 계산기'!K$10,$D8,0) -> 401.64 | V8: =OFFSET('배치점수 계산기'!L$10,$D8,0) -> 398.65 | W8: =OFFSET('배치점수 계산기'!M$10,$D8,0) -> 표점 | X8: =OFFSET('배치점수 계산기'!N$10,$D8,0) -> 표점 | Y8: =OFFSET(환산공식!FG$15,$F8,0) -> 0.33 | Z8: =OFFSET(환산공식!FH$15,$F8,0) -> 0.4 | AA8: =OFFSET(환산공식!FI$15,$F8,0) -> 0.27 | AD8: =IF(L8="X",6,IF(Q8>R8,1,IF(Q8>S8,2,IF(Q8>T8,3,IF(Q8>U8,4,IF(Q8>=V8,5,IF(Q8<V8,6,""))))))) -> 6
C9: 나2 | D9: 904 | E9: 1 | F9: 1 | G9: 2 | H9: 나 | I9: 서울대 | J9: 전기정보공 | K9: 자연 | L9: =IF(OFFSET(환산공식!$DU$15,$F9,0)=1,"O","X") -> X | M9: =IFERROR(OFFSET(환산공식!DA$15,$F9,0),"") -> 0 | N9: =IFERROR(CONCATENATE(ROUND(OFFSET(환산공식!DB$15,$F9,0),1),"%"),"") | O9: =IFERROR(OFFSET(환산공식!DC$15,$F9,0),"") -> 0 | P9: =IF(E9="","",IF(Q9>R9,"90% 이상",IF(Q9>S9,CONCATENATE(ROUND(((Q9-S9)/(R9-S9))*20+70,0),"%"),IF(Q9>T9,CONCATENATE(ROUND(((Q9-T9)/(S9-T9))*30+40,0),"%"),IF(Q9>U9,CONCATENATE(ROUND(((Q9-U9)/(T9-U9))*30+10,0),"%"),IF(Q9>V9,CONCATENATE(ROUND(((Q9-V9)/(U9-V9))*7+3,0),"%"),"3% 이하")))))) -> 3% 이하 | Q9: =IFERROR(ROUND(OFFSET(환산공식!$EX$15,$F9,0),3),"") -> 0 | R9: =OFFSET('배치점수 계산기'!H$10,$D9,0) -> 406.48 | S9: =OFFSET('배치점수 계산기'!I$10,$D9,0) -> 405.46 | T9: =OFFSET('배치점수 계산기'!J$10,$D9,0) -> 404.27 | U9: =OFFSET('배치점수 계산기'!K$10,$D9,0) -> 403.25 | V9: =OFFSET('배치점수 계산기'!L$10,$D9,0) -> 398.28 | W9: =OFFSET('배치점수 계산기'!M$10,$D9,0) -> 표점 | X9: =OFFSET('배치점수 계산기'!N$10,$D9,0) -> 표점 | Y9: =OFFSET(환산공식!FG$15,$F9,0) -> 0.33 | Z9: =OFFSET(환산공식!FH$15,$F9,0) -> 0.4 | AA9: =OFFSET(환산공식!FI$15,$F9,0) -> 0.27 | AD9: =IF(L9="X",6,IF(Q9>R9,1,IF(Q9>S9,2,IF(Q9>T9,3,IF(Q9>U9,4,IF(Q9>=V9,5,IF(Q9<V9,6,""))))))) -> 6
C10: 나3 | D10: 905 | E10: 2 | F10: 2 | G10: 3 | H10: 나 | I10: 서울대 | J10: 컴퓨터공 | K10: 자연 | L10: =IF(OFFSET(환산공식!$DU$15,$F10,0)=1,"O","X") -> X | M10: =IFERROR(OFFSET(환산공식!DA$15,$F10,0),"") -> 0 | N10: =IFERROR(CONCATENATE(ROUND(OFFSET(환산공식!DB$15,$F10,0),1),"%"),"") | O10: =IFERROR(OFFSET(환산공식!DC$15,$F10,0),"") -> 0 | P10: =IF(E10="","",IF(Q10>R10,"90% 이상",IF(Q10>S10,CONCATENATE(ROUND(((Q10-S10)/(R10-S10))*20+70,0),"%"),IF(Q10>T10,CONCATENATE(ROUND(((Q10-T10)/(S10-T10))*30+40,0),"%"),IF(Q10>U10,CONCATENATE(ROUND(((Q10-U10)/(T10-U10))*30+10,0),"%"),IF(Q10>V10,CONCATENATE(ROUND(((Q10-V10)/(U10-V10))*7+3,0),"%"),"3% 이하")))))) -> 3% 이하 | Q10: =IFERROR(ROUND(OFFSET(환산공식!$EX$15,$F10,0),3),"") -> 0 | R10: =OFFSET('배치점수 계산기'!H$10,$D10,0) -> 407.66 | S10: =OFFSET('배치점수 계산기'!I$10,$D10,0) -> 405.88 | T10: =OFFSET('배치점수 계산기'!J$10,$D10,0) -> 403.46 | U10: =OFFSET('배치점수 계산기'!K$10,$D10,0) -> 400.96 | V10: =OFFSET('배치점수 계산기'!L$10,$D10,0) -> 396.34 | W10: =OFFSET('배치점수 계산기'!M$10,$D10,0) -> 표점 | X10: =OFFSET('배치점수 계산기'!N$10,$D10,0) -> 표점 | Y10: =OFFSET(환산공식!FG$15,$F10,0) -> 0.33 | Z10: =OFFSET(환산공식!FH$15,$F10,0) -> 0.4 | AA10: =OFFSET(환산공식!FI$15,$F10,0) -> 0.27 | AD10: =IF(L10="X",6,IF(Q10>R10,1,IF(Q10>S10,2,IF(Q10>T10,3,IF(Q10>U10,4,IF(Q10>=V10,5,IF(Q10<V10,6,""))))))) -> 6
C11: 나4 | D11: 906 | E11: 2 | F11: 2 | G11: 4 | H11: 나 | I11: 서울대 | J11: 통계 | K11: 자연 | L11: =IF(OFFSET(환산공식!$DU$15,$F11,0)=1,"O","X") -> X | M11: =IFERROR(OFFSET(환산공식!DA$15,$F11,0),"") -> 0 | N11: =IFERROR(CONCATENATE(ROUND(OFFSET(환산공식!DB$15,$F11,0),1),"%"),"") | O11: =IFERROR(OFFSET(환산공식!DC$15,$F11,0),"") -> 0 | P11: =IF(E11="","",IF(Q11>R11,"90% 이상",IF(Q11>S11,CONCATENATE(ROUND(((Q11-S11)/(R11-S11))*20+70,0),"%"),IF(Q11>T11,CONCATENATE(ROUND(((Q11-T11)/(S11-T11))*30+40,0),"%"),IF(Q11>U11,CONCATENATE(ROUND(((Q11-U11)/(T11-U11))*30+10,0),"%"),IF(Q11>V11,CONCATENATE(ROUND(((Q11-V11)/(U11-V11))*7+3,0),"%"),"3% 이하")))))) -> 3% 이하 | Q11: =IFERROR(ROUND(OFFSET(환산공식!$EX$15,$F11,0),3),"") -> 0 | R11: =OFFSET('배치점수 계산기'!H$10,$D11,0) -> 404.44 | S11: =OFFSET('배치점수 계산기'!I$10,$D11,0) -> 403.25 | T11: =OFFSET('배치점수 계산기'!J$10,$D11,0) -> 402.09 | U11: =OFFSET('배치점수 계산기'!K$10,$D11,0) -> 398.86 | V11: =OFFSET('배치점수 계산기'!L$10,$D11,0) -> 397.22 | W11: =OFFSET('배치점수 계산기'!M$10,$D11,0) -> 표점 | X11: =OFFSET('배치점수 계산기'!N$10,$D11,0) -> 표점 | Y11: =OFFSET(환산공식!FG$15,$F11,0) -> 0.33 | Z11: =OFFSET(환산공식!FH$15,$F11,0) -> 0.4 | AA11: =OFFSET(환산공식!FI$15,$F11,0) -> 0.27 | AD11: =IF(L11="X",6,IF(Q11>R11,1,IF(Q11>S11,2,IF(Q11>T11,3,IF(Q11>U11,4,IF(Q11>=V11,5,IF(Q11<V11,6,""))))))) -> 6
C12: 나5 | D12: 907 | E12: 2 | F12: 2 | G12: 5 | H12: 나 | I12: 서울대 | J12: 산업공학 | K12: 자연 | L12: =IF(OFFSET(환산공식!$DU$15,$F12,0)=1,"O","X") -> X | M12: =IFERROR(OFFSET(환산공식!DA$15,$F12,0),"") -> 0 | N12: =IFERROR(CONCATENATE(ROUND(OFFSET(환산공식!DB$15,$F12,0),1),"%"),"") | O12: =IFERROR(OFFSET(환산공식!DC$15,$F12,0),"") -> 0 | P12: =IF(E12="","",IF(Q12>R12,"90% 이상",IF(Q12>S12,CONCATENATE(ROUND(((Q12-S12)/(R12-S12))*20+70,0),"%"),IF(Q12>T12,CONCATENATE(ROUND(((Q12-T12)/(S12-T12))*30+40,0),"%"),IF(Q12>U12,CONCATENATE(ROUND(((Q12-U12)/(T12-U12))*30+10,0),"%"),IF(Q12>V12,CONCATENATE(ROUND(((Q12-V12)/(U12-V12))*7+3,0),"%"),"3% 이하")))))) -> 3% 이하 | Q12: =IFERROR(ROUND(OFFSET(환산공식!$EX$15,$F12,0),3),"") -> 0 | R12: =OFFSET('배치점수 계산기'!H$10,$D12,0) -> 402.09 | S12: =OFFSET('배치점수 계산기'!I$10,$D12,0) -> 401.44 | T12: =OFFSET('배치점수 계산기'!J$10,$D12,0) -> 401.17 | U12: =OFFSET('배치점수 계산기'!K$10,$D12,0) -> 397.6 | V12: =OFFSET('배치점수 계산기'!L$10,$D12,0) -> 394.61 | W12: =OFFSET('배치점수 계산기'!M$10,$D12,0) -> 표점 | X12: =OFFSET('배치점수 계산기'!N$10,$D12,0) -> 표점 | Y12: =OFFSET(환산공식!FG$15,$F12,0) -> 0.33 | Z12: =OFFSET(환산공식!FH$15,$F12,0) -> 0.4 | AA12: =OFFSET(환산공식!FI$15,$F12,0) -> 0.27 | AD12: =IF(L12="X",6,IF(Q12>R12,1,IF(Q12>S12,2,IF(Q12>T12,3,IF(Q12>U12,4,IF(Q12>=V12,5,IF(Q12<V12,6,""))))))) -> 6
C13: 나6 | D13: 908 | E13: 2 | F13: 2 | G13: 6 | H13: 나 | I13: 서울대 | J13: 화학생물공 | K13: 자연 | L13: =IF(OFFSET(환산공식!$DU$15,$F13,0)=1,"O","X") -> X | M13: =IFERROR(OFFSET(환산공식!DA$15,$F13,0),"") -> 0 | N13: =IFERROR(CONCATENATE(ROUND(OFFSET(환산공식!DB$15,$F13,0),1),"%"),"") | O13: =IFERROR(OFFSET(환산공식!DC$15,$F13,0),"") -> 0 | P13: =IF(E13="","",IF(Q13>R13,"90% 이상",IF(Q13>S13,CONCATENATE(ROUND(((Q13-S13)/(R13-S13))*20+70,0),"%"),IF(Q13>T13,CONCATENATE(ROUND(((Q13-T13)/(S13-T13))*30+40,0),"%"),IF(Q13>U13,CONCATENATE(ROUND(((Q13-U13)/(T13-U13))*30+10,0),"%"),IF(Q13>V13,CONCATENATE(ROUND(((Q13-V13)/(U13-V13))*7+3,0),"%"),"3% 이하")))))) -> 3% 이하 | Q13: =IFERROR(ROUND(OFFSET(환산공식!$EX$15,$F13,0),3),"") -> 0 | R13: =OFFSET('배치점수 계산기'!H$10,$D13,0) -> 403.46 | S13: =OFFSET('배치점수 계산기'!I$10,$D13,0) -> 402.36 | T13: =OFFSET('배치점수 계산기'!J$10,$D13,0) -> 400.96 | U13: =OFFSET('배치점수 계산기'!K$10,$D13,0) -> 398.28 | V13: =OFFSET('배치점수 계산기'!L$10,$D13,0) -> 396.07 | W13: =OFFSET('배치점수 계산기'!M$10,$D13,0) -> 표점 | X13: =OFFSET('배치점수 계산기'!N$10,$D13,0) -> 표점 | Y13: =OFFSET(환산공식!FG$15,$F13,0) -> 0.33 | Z13: =OFFSET(환산공식!FH$15,$F13,0) -> 0.4 | AA13: =OFFSET(환산공식!FI$15,$F13,0) -> 0.27 | AD13: =IF(L13="X",6,IF(Q13>R13,1,IF(Q13>S13,2,IF(Q13>T13,3,IF(Q13>U13,4,IF(Q13>=V13,5,IF(Q13<V13,6,""))))))) -> 6
C14: 나7 | D14: 909 | E14: 1 | F14: 1 | G14: 7 | H14: 나 | I14: 서울대 | J14: 기계공 | K14: 자연 | L14: =IF(OFFSET(환산공식!$DU$15,$F14,0)=1,"O","X") -> X | M14: =IFERROR(OFFSET(환산공식!DA$15,$F14,0),"") -> 0 | N14: =IFERROR(CONCATENATE(ROUND(OFFSET(환산공식!DB$15,$F14,0),1),"%"),"") | O14: =IFERROR(OFFSET(환산공식!DC$15,$F14,0),"") -> 0 | P14: =IF(E14="","",IF(Q14>R14,"90% 이상",IF(Q14>S14,CONCATENATE(ROUND(((Q14-S14)/(R14-S14))*20+70,0),"%"),IF(Q14>T14,CONCATENATE(ROUND(((Q14-T14)/(S14-T14))*30+40,0),"%"),IF(Q14>U14,CONCATENATE(ROUND(((Q14-U14)/(T14-U14))*30+10,0),"%"),IF(Q14>V14,CONCATENATE(ROUND(((Q14-V14)/(U14-V14))*7+3,0),"%"),"3% 이하")))))) -> 3% 이하 | Q14: =IFERROR(ROUND(OFFSET(환산공식!$EX$15,$F14,0),3),"") -> 0 | R14: =OFFSET('배치점수 계산기'!H$10,$D14,0) -> 402.36 | S14: =OFFSET('배치점수 계산기'!I$10,$D14,0) -> 401.44 | T14: =OFFSET('배치점수 계산기'!J$10,$D14,0) -> 400.5 | U14: =OFFSET('배치점수 계산기'!K$10,$D14,0) -> 398.28 | V14: =OFFSET('배치점수 계산기'!L$10,$D14,0) -> 395.74 | W14: =OFFSET('배치점수 계산기'!M$10,$D14,0) -> 표점 | X14: =OFFSET('배치점수 계산기'!N$10,$D14,0) -> 표점 | Y14: =OFFSET(환산공식!FG$15,$F14,0) -> 0.33 | Z14: =OFFSET(환산공식!FH$15,$F14,0) -> 0.4 | AA14: =OFFSET(환산공식!FI$15,$F14,0) -> 0.27 | AD14: =IF(L14="X",6,IF(Q14>R14,1,IF(Q14>S14,2,IF(Q14>T14,3,IF(Q14>U14,4,IF(Q14>=V14,5,IF(Q14<V14,6,""))))))) -> 6
C15: 나8 | D15: 910 | E15: 1 | F15: 1 | G15: 8 | H15: 나 | I15: 서울대 | J15: 물리 | K15: 자연 | L15: =IF(OFFSET(환산공식!$DU$15,$F15,0)=1,"O","X") -> X | M15: =IFERROR(OFFSET(환산공식!DA$15,$F15,0),"") -> 0 | N15: =IFERROR(CONCATENATE(ROUND(OFFSET(환산공식!DB$15,$F15,0),1),"%"),"") | O15: =IFERROR(OFFSET(환산공식!DC$15,$F15,0),"") -> 0 | P15: =IF(E15="","",IF(Q15>R15,"90% 이상",IF(Q15>S15,CONCATENATE(ROUND(((Q15-S15)/(R15-S15))*20+70,0),"%"),IF(Q15>T15,CONCATENATE(ROUND(((Q15-T15)/(S15-T15))*30+40,0),"%"),IF(Q15>U15,CONCATENATE(ROUND(((Q15-U15)/(T15-U15))*30+10,0),"%"),IF(Q15>V15,CONCATENATE(ROUND(((Q15-V15)/(U15-V15))*7+3,0),"%"),"3% 이하")))))) -> 3% 이하 | Q15: =IFERROR(ROUND(OFFSET(환산공식!$EX$15,$F15,0),3),"") -> 0 | R15: =OFFSET('배치점수 계산기'!H$10,$D15,0) -> 401.64 | S15: =OFFSET('배치점수 계산기'!I$10,$D15,0) -> 400.96 | T15: =OFFSET('배치점수 계산기'!J$10,$D15,0) -> 400.24 | U15: =OFFSET('배치점수 계산기'!K$10,$D15,0) -> 396.95 | V15: =OFFSET('배치점수 계산기'!L$10,$D15,0) -> 395.74 | W15: =OFFSET('배치점수 계산기'!M$10,$D15,0) -> 표점 | X15: =OFFSET('배치점수 계산기'!N$10,$D15,0) -> 표점 | Y15: =OFFSET(환산공식!FG$15,$F15,0) -> 0.33 | Z15: =OFFSET(환산공식!FH$15,$F15,0) -> 0.4 | AA15: =OFFSET(환산공식!FI$15,$F15,0) -> 0.27 | AD15: =IF(L15="X",6,IF(Q15>R15,1,IF(Q15>S15,2,IF(Q15>T15,3,IF(Q15>U15,4,IF(Q15>=V15,5,IF(Q15<V15,6,""))))))) -> 6
C16: 나9 | D16: 911 | E16: 2 | F16: 2 | G16: 9 | H16: 나 | I16: 서울대 | J16: 생명과학 | K16: 자연 | L16: =IF(OFFSET(환산공식!$DU$15,$F16,0)=1,"O","X") -> X | M16: =IFERROR(OFFSET(환산공식!DA$15,$F16,0),"") -> 0 | N16: =IFERROR(CONCATENATE(ROUND(OFFSET(환산공식!DB$15,$F16,0),1),"%"),"") | O16: =IFERROR(OFFSET(환산공식!DC$15,$F16,0),"") -> 0 | P16: =IF(E16="","",IF(Q16>R16,"90% 이상",IF(Q16>S16,CONCATENATE(ROUND(((Q16-S16)/(R16-S16))*20+70,0),"%"),IF(Q16>T16,CONCATENATE(ROUND(((Q16-T16)/(S16-T16))*30+40,0),"%"),IF(Q16>U16,CONCATENATE(ROUND(((Q16-U16)/(T16-U16))*30+10,0),"%"),IF(Q16>V16,CONCATENATE(ROUND(((Q16-V16)/(U16-V16))*7+3,0),"%"),"3% 이하")))))) -> 3% 이하 | Q16: =IFERROR(ROUND(OFFSET(환산공식!$EX$15,$F16,0),3),"") -> 0 | R16: =OFFSET('배치점수 계산기'!H$10,$D16,0) -> 401.25 | S16: =OFFSET('배치점수 계산기'!I$10,$D16,0) -> 400.5 | T16: =OFFSET('배치점수 계산기'!J$10,$D16,0) -> 398.48 | U16: =OFFSET('배치점수 계산기'!K$10,$D16,0) -> 397.12 | V16: =OFFSET('배치점수 계산기'!L$10,$D16,0) -> 396.34 | W16: =OFFSET('배치점수 계산기'!M$10,$D16,0) -> 표점 | X16: =OFFSET('배치점수 계산기'!N$10,$D16,0) -> 표점 | Y16: =OFFSET(환산공식!FG$15,$F16,0) -> 0.33 | Z16: =OFFSET(환산공식!FH$15,$F16,0) -> 0.4 | AA16: =OFFSET(환산공식!FI$15,$F16,0) -> 0.27 | AD16: =IF(L16="X",6,IF(Q16>R16,1,IF(Q16>S16,2,IF(Q16>T16,3,IF(Q16>U16,4,IF(Q16>=V16,5,IF(Q16<V16,6,""))))))) -> 6
C17: 나10 | D17: 912 | E17: 2 | F17: 2 | G17: 10 | H17: 나 | I17: 서울대 | J17: 첨단융합 | K17: 자연 | L17: =IF(OFFSET(환산공식!$DU$15,$F17,0)=1,"O","X") -> X | M17: =IFERROR(OFFSET(환산공식!DA$15,$F17,0),"") -> 0 | N17: =IFERROR(CONCATENATE(ROUND(OFFSET(환산공식!DB$15,$F17,0),1),"%"),"") | O17: =IFERROR(OFFSET(환산공식!DC$15,$F17,0),"") -> 0 | P17: =IF(E17="","",IF(Q17>R17,"90% 이상",IF(Q17>S17,CONCATENATE(ROUND(((Q17-S17)/(R17-S17))*20+70,0),"%"),IF(Q17>T17,CONCATENATE(ROUND(((Q17-T17)/(S17-T17))*30+40,0),"%"),IF(Q17>U17,CONCATENATE(ROUND(((Q17-U17)/(T17-U17))*30+10,0),"%"),IF(Q17>V17,CONCATENATE(ROUND(((Q17-V17)/(U17-V17))*7+3,0),"%"),"3% 이하")))))) -> 3% 이하 | Q17: =IFERROR(ROUND(OFFSET(환산공식!$EX$15,$F17,0),3),"") -> 0 | R17: =OFFSET('배치점수 계산기'!H$10,$D17,0) -> 401.64 | S17: =OFFSET('배치점수 계산기'!I$10,$D17,0) -> 400.96 | T17: =OFFSET('배치점수 계산기'!J$10,$D17,0) -> 398.48 | U17: =OFFSET('배치점수 계산기'!K$10,$D17,0) -> 397.12 | V17: =OFFSET('배치점수 계산기'!L$10,$D17,0) -> 395.53 | W17: =OFFSET('배치점수 계산기'!M$10,$D17,0) -> 표점 | X17: =OFFSET('배치점수 계산기'!N$10,$D17,0) -> 표점 | Y17: =OFFSET(환산공식!FG$15,$F17,0) -> 0.33 | Z17: =OFFSET(환산공식!FH$15,$F17,0) -> 0.4 | AA17: =OFFSET(환산공식!FI$15,$F17,0) -> 0.27 | AD17: =IF(L17="X",6,IF(Q17>R17,1,IF(Q17>S17,2,IF(Q17>T17,3,IF(Q17>U17,4,IF(Q17>=V17,5,IF(Q17<V17,6,""))))))) -> 6
C18: 나11 | D18: 913 | E18: 2 | F18: 2 | G18: 11 | H18: 나 | I18: 서울대 | J18: 원자핵공 | K18: 자연 | L18: =IF(OFFSET(환산공식!$DU$15,$F18,0)=1,"O","X") -> X | M18: =IFERROR(OFFSET(환산공식!DA$15,$F18,0),"") -> 0 | N18: =IFERROR(CONCATENATE(ROUND(OFFSET(환산공식!DB$15,$F18,0),1),"%"),"") | O18: =IFERROR(OFFSET(환산공식!DC$15,$F18,0),"") -> 0 | P18: =IF(E18="","",IF(Q18>R18,"90% 이상",IF(Q18>S18,CONCATENATE(ROUND(((Q18-S18)/(R18-S18))*20+70,0),"%"),IF(Q18>T18,CONCATENATE(ROUND(((Q18-T18)/(S18-T18))*30+40,0),"%"),IF(Q18>U18,CONCATENATE(ROUND(((Q18-U18)/(T18-U18))*30+10,0),"%"),IF(Q18>V18,CONCATENATE(ROUND(((Q18-V18)/(U18-V18))*7+3,0),"%"),"3% 이하")))))) -> 3% 이하 | Q18: =IFERROR(ROUND(OFFSET(환산공식!$EX$15,$F18,0),3),"") -> 0 | R18: =OFFSET('배치점수 계산기'!H$10,$D18,0) -> 402.09 | S18: =OFFSET('배치점수 계산기'!I$10,$D18,0) -> 400.96 | T18: =OFFSET('배치점수 계산기'!J$10,$D18,0) -> 398.28 | U18: =OFFSET('배치점수 계산기'!K$10,$D18,0) -> 397.05 | V18: =OFFSET('배치점수 계산기'!L$10,$D18,0) -> 394.32 | W18: =OFFSET('배치점수 계산기'!M$10,$D18,0) -> 표점 | X18: =OFFSET('배치점수 계산기'!N$10,$D18,0) -> 표점 | Y18: =OFFSET(환산공식!FG$15,$F18,0) -> 0.33 | Z18: =OFFSET(환산공식!FH$15,$F18,0) -> 0.4 | AA18: =OFFSET(환산공식!FI$15,$F18,0) -> 0.27 | AD18: =IF(L18="X",6,IF(Q18>R18,1,IF(Q18>S18,2,IF(Q18>T18,3,IF(Q18>U18,4,IF(Q18>=V18,5,IF(Q18<V18,6,""))))))) -> 6
C19: 나12 | D19: 914 | E19: 1 | F19: 1 | G19: 12 | H19: 나 | I19: 서울대 | J19: 천문 | K19: 자연 | L19: =IF(OFFSET(환산공식!$DU$15,$F19,0)=1,"O","X") -> X | M19: =IFERROR(OFFSET(환산공식!DA$15,$F19,0),"") -> 0 | N19: =IFERROR(CONCATENATE(ROUND(OFFSET(환산공식!DB$15,$F19,0),1),"%"),"") | O19: =IFERROR(OFFSET(환산공식!DC$15,$F19,0),"") -> 0 | P19: =IF(E19="","",IF(Q19>R19,"90% 이상",IF(Q19>S19,CONCATENATE(ROUND(((Q19-S19)/(R19-S19))*20+70,0),"%"),IF(Q19>T19,CONCATENATE(ROUND(((Q19-T19)/(S19-T19))*30+40,0),"%"),IF(Q19>U19,CONCATENATE(ROUND(((Q19-U19)/(T19-U19))*30+10,0),"%"),IF(Q19>V19,CONCATENATE(ROUND(((Q19-V19)/(U19-V19))*7+3,0),"%"),"3% 이하")))))) -> 3% 이하 | Q19: =IFERROR(ROUND(OFFSET(환산공식!$EX$15,$F19,0),3),"") -> 0 | R19: =OFFSET('배치점수 계산기'!H$10,$D19,0) -> 401.25 | S19: =OFFSET('배치점수 계산기'!I$10,$D19,0) -> 400.24 | T19: =OFFSET('배치점수 계산기'!J$10,$D19,0) -> 398.28 | U19: =OFFSET('배치점수 계산기'!K$10,$D19,0) -> 396.44 | V19: =OFFSET('배치점수 계산기'!L$10,$D19,0) -> 395.74 | W19: =OFFSET('배치점수 계산기'!M$10,$D19,0) -> 표점 | X19: =OFFSET('배치점수 계산기'!N$10,$D19,0) -> 표점 | Y19: =OFFSET(환산공식!FG$15,$F19,0) -> 0.33 | Z19: =OFFSET(환산공식!FH$15,$F19,0) -> 0.4 | AA19: =OFFSET(환산공식!FI$15,$F19,0) -> 0.27 | AD19: =IF(L19="X",6,IF(Q19>R19,1,IF(Q19>S19,2,IF(Q19>T19,3,IF(Q19>U19,4,IF(Q19>=V19,5,IF(Q19<V19,6,""))))))) -> 6
C20: 나13 | D20: 915 | E20: 1 | F20: 1 | G20: 13 | H20: 나 | I20: 서울대 | J20: 항공우주공 | K20: 자연 | L20: =IF(OFFSET(환산공식!$DU$15,$F20,0)=1,"O","X") -> X | M20: =IFERROR(OFFSET(환산공식!DA$15,$F20,0),"") -> 0 | N20: =IFERROR(CONCATENATE(ROUND(OFFSET(환산공식!DB$15,$F20,0),1),"%"),"") | O20: =IFERROR(OFFSET(환산공식!DC$15,$F20,0),"") -> 0 | P20: =IF(E20="","",IF(Q20>R20,"90% 이상",IF(Q20>S20,CONCATENATE(ROUND(((Q20-S20)/(R20-S20))*20+70,0),"%"),IF(Q20>T20,CONCATENATE(ROUND(((Q20-T20)/(S20-T20))*30+40,0),"%"),IF(Q20>U20,CONCATENATE(ROUND(((Q20-U20)/(T20-U20))*30+10,0),"%"),IF(Q20>V20,CONCATENATE(ROUND(((Q20-V20)/(U20-V20))*7+3,0),"%"),"3% 이하")))))) -> 3% 이하 | Q20: =IFERROR(ROUND(OFFSET(환산공식!$EX$15,$F20,0),3),"") -> 0 | R20: =OFFSET('배치점수 계산기'!H$10,$D20,0) -> 400.96 | S20: =OFFSET('배치점수 계산기'!I$10,$D20,0) -> 400.06 | T20: =OFFSET('배치점수 계산기'!J$10,$D20,0) -> 398.03 | U20: =OFFSET('배치점수 계산기'!K$10,$D20,0) -> 397.12 | V20: =OFFSET('배치점수 계산기'!L$10,$D20,0) -> 395.82 | W20: =OFFSET('배치점수 계산기'!M$10,$D20,0) -> 표점 | X20: =OFFSET('배치점수 계산기'!N$10,$D20,0) -> 표점 | Y20: =OFFSET(환산공식!FG$15,$F20,0) -> 0.33 | Z20: =OFFSET(환산공식!FH$15,$F20,0) -> 0.4 | AA20: =OFFSET(환산공식!FI$15,$F20,0) -> 0.27 | AD20: =IF(L20="X",6,IF(Q20>R20,1,IF(Q20>S20,2,IF(Q20>T20,3,IF(Q20>U20,4,IF(Q20>=V20,5,IF(Q20<V20,6,""))))))) -> 6
... C895: 나888 | D895: 1823 | E895: 240 | F895: 240 | G895: 888 | H895: 나 | I895: 춘천교대 | J895: 기초/차상위 | K895: 통합 | L895: =IF(OFFSET(환산공식!$DU$15,$F895,0)=1,"O","X") -> X | M895: =IFERROR(OFFSET(환산공식!DA$15,$F895,0),"") -> 100 | N895: =IFERROR(CONCATENATE(ROUND(OFFSET(환산공식!DB$15,$F895,0),1),"%"),"") -> 100% | O895: =IFERROR(OFFSET(환산공식!DC$15,$F895,0),"") -> 0 | P895: =IF(E895="","",IF(Q895>R895,"90% 이상",IF(Q895>S895,CONCATENATE(ROUND(((Q895-S895)/(R895-S895))*20+70,0),"%"),IF(Q895>T895,CONCATENATE(ROUND(((Q895-T895)/(S895-T895))*30+40,0),"%"),IF(Q895>U895,CONCATENATE(ROUND(((Q895-U895)/(T895-U895))*30+10,0),"%"),IF(Q895>V895,CONCATENATE(ROUND(((Q895-V895)/(U895-V895))*7+3,0),"%"),"3% 이하")))))) -> 3% 이하 | Q895: =IFERROR(ROUND(OFFSET(환산공식!$EX$15,$F895,0),3),"") -> 0 | R895: =OFFSET('배치점수 계산기'!H$10,$D895,0) -> 405.18 | S895: =OFFSET('배치점수 계산기'!I$10,$D895,0) -> 399.04 | T895: =OFFSET('배치점수 계산기'!J$10,$D895,0) -> 396.32 | U895: =OFFSET('배치점수 계산기'!K$10,$D895,0) -> 390.28 | V895: =OFFSET('배치점수 계산기'!L$10,$D895,0) -> 378.03 | W895: =OFFSET('배치점수 계산기'!M$10,$D895,0) -> 표점 | X895: =OFFSET('배치점수 계산기'!N$10,$D895,0) -> 표점 | Y895: =OFFSET(환산공식!FG$15,$F895,0) -> 0.33 | Z895: =OFFSET(환산공식!FH$15,$F895,0) -> 0.33 | AA895: =OFFSET(환산공식!FI$15,$F895,0) -> 0.33 | AD895: =IF(L895="X",6,IF(Q895>R895,1,IF(Q895>S895,2,IF(Q895>T895,3,IF(Q895>U895,4,IF(Q895>=V895,5,IF(Q895<V895,6,""))))))) -> 6

Sheet        다 군      
B1: 가 | C1: 나 | D1: 다 | E1: 가나다 | I1: 환산점수 배치표 (다 군) 2025학년도 수능 실채점기준
B2: 1 | C2: 2 | D2: 3 | E2: 4 | R2: 제작 및 검토 <베텔기우스> Betelgeuse058.tistory.com
B3: 군 입력
B4: 3 | C4: =IF($B$4=1,CONCATENATE($B$1,AE4),IF($B$4=2,CONCATENATE($C$1,AE4),IF($B$4=3,CONCATENATE($D$1,AE4),IF($B$4=4,CONCATENATE($E$1,AE4))))) -> 다
C5: =IFERROR(INDEX('배치점수 계산기'!A9:C9,MATCH(C4,'배치점수 계산기'!A7:C7,0)),) -> 1822 | R5: 판정 기준점수
M6: 감점 상세 | P6: 나의 점수 | R6: 안정 | S6: 적정 | T6: 예상컷 | U6: 도전 | W6: 반영 방법 | Y6: 실질 반영비
E7: 공식 연번 | H7: 모집군 | I7: 대학 | J7: 학과 | K7: 계열 | L7: 지원가능 | M7: 영어감점 | N7: 영어감점 비율 | O7: 한국사/외국어 | P7: 합격확률 추정 | Q7: 환산점수 | R7: 0.9 | S7: 0.7 | T7: 0.4 | U7: 0.1 | V7: 0.03 | W7: 국 수 | X7: 탐구 | Y7: 국 | Z7: 수 | AA7: 탐 | AD7: 서식기준
C8: =_xlfn.CONCAT($C$4,G8) -> 다1 | D8: =MATCH($C8,'배치점수 계산기'!$O$11:$O$3001,0) -> 1824 | E8: =OFFSET('배치점수 계산기'!A$10,D8,0) -> 20 | F8: =MATCH(E8,환산공식!$A$16:$A$301,0) -> 20 | G8: 1 | H8: =IFERROR(INDEX('배치점수 계산기'!C$11:C$3001,MATCH($C8,'배치점수 계산기'!$O$11:$O$3001,0)),"") -> 다 | I8: =IFERROR(INDEX('배치점수 계산기'!D$11:D$3001,MATCH($C8,'배치점수 계산기'!$O$11:$O$3001,0)),"") -> 성균관대 | J8: =IFERROR(INDEX('배치점수 계산기'!E$11:E$3001,MATCH($C8,'배치점수 계산기'!$O$11:$O$3001,0)),"") -> 반도체융합 | K8: =IFERROR(INDEX('배치점수 계산기'!F$11:F$3001,MATCH($C8,'배치점수 계산기'!$O$11:$O$3001,0)),"") -> 자연 | L8: =IF(OFFSET(환산공식!$DU$15,$F8,0)=1,"O","X") -> X | M8: =IFERROR(OFFSET(환산공식!DA$15,$F8,0),"") -> 66 | N8: =IFERROR(CONCATENATE(ROUND(OFFSET(환산공식!DB$15,$F8,0),1),"%"),"") -> 100% | O8: =IFERROR(OFFSET(환산공식!DC$15,$F8,0),"") -> 0 | P8: =IF(E8="","",IF(Q8>R8,"90% 이상",IF(Q8>S8,CONCATENATE(ROUND(((Q8-S8)/(R8-S8))*20+70,0),"%"),IF(Q8>T8,CONCATENATE(ROUND(((Q8-T8)/(S8-T8))*30+40,0),"%"),IF(Q8>U8,CONCATENATE(ROUND(((Q8-U8)/(T8-U8))*30+10,0),"%"),IF(Q8>V8,CONCATENATE(ROUND(((Q8-V8)/(U8-V8))*7+3,0),"%"),"3% 이하")))))) -> 3% 이하 | Q8: =IFERROR(ROUND(OFFSET(환산공식!$EX$15,$F8,0),3),"") -> 0 | R8: =OFFSET('배치점수 계산기'!H$10,$D8,0) -> 677.046 | S8: =OFFSET('배치점수 계산기'!I$10,$D8,0) -> 676.03 | T8: =OFFSET('배치점수 계산기'!J$10,$D8,0) -> 674.997 | U8: =OFFSET('배치점수 계산기'!K$10,$D8,0) -> 674.013 | V8: =OFFSET('배치점수 계산기'!L$10,$D8,0) -> 672.413 | W8: =OFFSET('배치점수 계산기'!M$10,$D8,0) -> 표점 | X8: =OFFSET('배치점수 계산기'!N$10,$D8,0) -> 변표 | Y8: =OFFSET(환산공식!FG$15,$F8,0) -> 0.17 | Z8: =OFFSET(환산공식!FH$15,$F8,0) -> 0.33 | AA8: =OFFSET(환산공식!FI$15,$F8,0) -> 0.5 | AD8: =IF(L8="X",6,IF(Q8>R8,1,IF(Q8>S8,2,IF(Q8>T8,3,IF(Q8>U8,4,IF(Q8>=V8,5,IF(Q8<V8,6,""))))))) -> 6
C9: 다2 | D9: 1825 | E9: 20 | F9: 20 | G9: 2 | H9: 다 | I9: 성균관대 | J9: 글로벌바이오 | K9: 자연 | L9: =IF(OFFSET(환산공식!$DU$15,$F9,0)=1,"O","X") -> X | M9: =IFERROR(OFFSET(환산공식!DA$15,$F9,0),"") -> 66 | N9: =IFERROR(CONCATENATE(ROUND(OFFSET(환산공식!DB$15,$F9,0),1),"%"),"") -> 100% | O9: =IFERROR(OFFSET(환산공식!DC$15,$F9,0),"") -> 0 | P9: =IF(E9="","",IF(Q9>R9,"90% 이상",IF(Q9>S9,CONCATENATE(ROUND(((Q9-S9)/(R9-S9))*20+70,0),"%"),IF(Q9>T9,CONCATENATE(ROUND(((Q9-T9)/(S9-T9))*30+40,0),"%"),IF(Q9>U9,CONCATENATE(ROUND(((Q9-U9)/(T9-U9))*30+10,0),"%"),IF(Q9>V9,CONCATENATE(ROUND(((Q9-V9)/(U9-V9))*7+3,0),"%"),"3% 이하")))))) -> 3% 이하 | Q9: =IFERROR(ROUND(OFFSET(환산공식!$EX$15,$F9,0),3),"") -> 0 | R9: =OFFSET('배치점수 계산기'!H$10,$D9,0) -> 673.511 | S9: =OFFSET('배치점수 계산기'!I$10,$D9,0) -> 672.415 | T9: =OFFSET('배치점수 계산기'!J$10,$D9,0) -> 670.523 | U9: =OFFSET('배치점수 계산기'!K$10,$D9,0) -> 669.125 | V9: =OFFSET('배치점수 계산기'!L$10,$D9,0) -> 666.698 | W9: =OFFSET('배치점수 계산기'!M$10,$D9,0) -> 표점 | X9: =OFFSET('배치점수 계산기'!N$10,$D9,0) -> 변표 | Y9: =OFFSET(환산공식!FG$15,$F9,0) -> 0.17 | Z9: =OFFSET(환산공식!FH$15,$F9,0) -> 0.33 | AA9: =OFFSET(환산공식!FI$15,$F9,0) -> 0.5 | AD9: =IF(L9="X",6,IF(Q9>R9,1,IF(Q9>S9,2,IF(Q9>T9,3,IF(Q9>U9,4,IF(Q9>=V9,5,IF(Q9<V9,6,""))))))) -> 6
C10: 다3 | D10: 1826 | E10: 20 | F10: 20 | G10: 3 | H10: 다 | I10: 성균관대 | J10: 양자정보학과 | K10: 자연 | L10: =IF(OFFSET(환산공식!$DU$15,$F10,0)=1,"O","X") -> X | M10: =IFERROR(OFFSET(환산공식!DA$15,$F10,0),"") -> 66 | N10: =IFERROR(CONCATENATE(ROUND(OFFSET(환산공식!DB$15,$F10,0),1),"%"),"") -> 100% | O10: =IFERROR(OFFSET(환산공식!DC$15,$F10,0),"") -> 0 | P10: =IF(E10="","",IF(Q10>R10,"90% 이상",IF(Q10>S10,CONCATENATE(ROUND(((Q10-S10)/(R10-S10))*20+70,0),"%"),IF(Q10>T10,CONCATENATE(ROUND(((Q10-T10)/(S10-T10))*30+40,0),"%"),IF(Q10>U10,CONCATENATE(ROUND(((Q10-U10)/(T10-U10))*30+10,0),"%"),IF(Q10>V10,CONCATENATE(ROUND(((Q10-V10)/(U10-V10))*7+3,0),"%"),"3% 이하")))))) -> 3% 이하 | Q10: =IFERROR(ROUND(OFFSET(환산공식!$EX$15,$F10,0),3),"") -> 0 | R10: =OFFSET('배치점수 계산기'!H$10,$D10,0) -> 672.915 | S10: =OFFSET('배치점수 계산기'!I$10,$D10,0) -> 671.813 | T10: =OFFSET('배치점수 계산기'!J$10,$D10,0) -> 670.126 | U10: =OFFSET('배치점수 계산기'!K$10,$D10,0) -> 669.125 | V10: =OFFSET('배치점수 계산기'!L$10,$D10,0) -> 666.798 | W10: =OFFSET('배치점수 계산기'!M$10,$D10,0) -> 표점 | X10: =OFFSET('배치점수 계산기'!N$10,$D10,0) -> 변표 | Y10: =OFFSET(환산공식!FG$15,$F10,0) -> 0.17 | Z10: =OFFSET(환산공식!FH$15,$F10,0) -> 0.33 | AA10: =OFFSET(환산공식!FI$15,$F10,0) -> 0.5 | AD10: =IF(L10="X",6,IF(Q10>R10,1,IF(Q10>S10,2,IF(Q10>T10,3,IF(Q10>U10,4,IF(Q10>=V10,5,IF(Q10<V10,6,""))))))) -> 6
C11: 다4 | D11: 1827 | E11: 20 | F11: 20 | G11: 4 | H11: 다 | I11: 성균관대 | J11: 에너지 | K11: 자연 | L11: =IF(OFFSET(환산공식!$DU$15,$F11,0)=1,"O","X") -> X | M11: =IFERROR(OFFSET(환산공식!DA$15,$F11,0),"") -> 66 | N11: =IFERROR(CONCATENATE(ROUND(OFFSET(환산공식!DB$15,$F11,0),1),"%"),"") -> 100% | O11: =IFERROR(OFFSET(환산공식!DC$15,$F11,0),"") -> 0 | P11: =IF(E11="","",IF(Q11>R11,"90% 이상",IF(Q11>S11,CONCATENATE(ROUND(((Q11-S11)/(R11-S11))*20+70,0),"%"),IF(Q11>T11,CONCATENATE(ROUND(((Q11-T11)/(S11-T11))*30+40,0),"%"),IF(Q11>U11,CONCATENATE(ROUND(((Q11-U11)/(T11-U11))*30+10,0),"%"),IF(Q11>V11,CONCATENATE(ROUND(((Q11-V11)/(U11-V11))*7+3,0),"%"),"3% 이하")))))) -> 3% 이하 | Q11: =IFERROR(ROUND(OFFSET(환산공식!$EX$15,$F11,0),3),"") -> 0 | R11: =OFFSET('배치점수 계산기'!H$10,$D11,0) -> 672.915 | S11: =OFFSET('배치점수 계산기'!I$10,$D11,0) -> 671.813 | T11: =OFFSET('배치점수 계산기'!J$10,$D11,0) -> 670.126 | U11: =OFFSET('배치점수 계산기'!K$10,$D11,0) -> 669.125 | V11: =OFFSET('배치점수 계산기'!L$10,$D11,0) -> 666.798 | W11: =OFFSET('배치점수 계산기'!M$10,$D11,0) -> 표점 | X11: =OFFSET('배치점수 계산기'!N$10,$D11,0) -> 변표 | Y11: =OFFSET(환산공식!FG$15,$F11,0) -> 0.17 | Z11: =OFFSET(환산공식!FH$15,$F11,0) -> 0.33 | AA11: =OFFSET(환산공식!FI$15,$F11,0) -> 0.5 | AD11: =IF(L11="X",6,IF(Q11>R11,1,IF(Q11>S11,2,IF(Q11>T11,3,IF(Q11>U11,4,IF(Q11>=V11,5,IF(Q11<V11,6,""))))))) -> 6
C12: 다5 | D12: 1828 | E12: 21 | F12: 21 | G12: 5 | H12: 다 | I12: 성균관대 | J12: 글로경영 | K12: 통합 | L12: =IF(OFFSET(환산공식!$DU$15,$F12,0)=1,"O","X") -> X | M12: =IFERROR(OFFSET(환산공식!DA$15,$F12,0),"") -> 66 | N12: =IFERROR(CONCATENATE(ROUND(OFFSET(환산공식!DB$15,$F12,0),1),"%"),"") -> 100% | O12: =IFERROR(OFFSET(환산공식!DC$15,$F12,0),"") -> 0 | P12: =IF(E12="","",IF(Q12>R12,"90% 이상",IF(Q12>S12,CONCATENATE(ROUND(((Q12-S12)/(R12-S12))*20+70,0),"%"),IF(Q12>T12,CONCATENATE(ROUND(((Q12-T12)/(S12-T12))*30+40,0),"%"),IF(Q12>U12,CONCATENATE(ROUND(((Q12-U12)/(T12-U12))*30+10,0),"%"),IF(Q12>V12,CONCATENATE(ROUND(((Q12-V12)/(U12-V12))*7+3,0),"%"),"3% 이하")))))) -> 3% 이하 | Q12: =IFERROR(ROUND(OFFSET(환산공식!$EX$15,$F12,0),3),"") -> 0 | R12: =OFFSET('배치점수 계산기'!H$10,$D12,0) -> 658.171 | S12: =OFFSET('배치점수 계산기'!I$10,$D12,0) -> 657.326 | T12: =OFFSET('배치점수 계산기'!J$10,$D12,0) -> 656.577 | U12: =OFFSET('배치점수 계산기'!K$10,$D12,0) -> 652.786 | V12: =OFFSET('배치점수 계산기'!L$10,$D12,0) -> 650.418 | W12: =OFFSET('배치점수 계산기'!M$10,$D12,0) -> 표점 | X12: =OFFSET('배치점수 계산기'!N$10,$D12,0) -> 변표 | Y12: =OFFSET(환산공식!FG$15,$F12,0) -> 0.29 | Z12: =OFFSET(환산공식!FH$15,$F12,0) -> 0.21 | AA12: =OFFSET(환산공식!FI$15,$F12,0) -> 0.5 | AD12: =IF(L12="X",6,IF(Q12>R12,1,IF(Q12>S12,2,IF(Q12>T12,3,IF(Q12>U12,4,IF(Q12>=V12,5,IF(Q12<V12,6,""))))))) -> 6
C13: 다6 | D13: 1829 | E13: 27 | F13: 27 | G13: 6 | H13: 다 | I13: 한양대 | J13: 인터칼리지 | K13: 자연 | L13: =IF(OFFSET(환산공식!$DU$15,$F13,0)=1,"O","X") -> X | M13: =IFERROR(OFFSET(환산공식!DA$15,$F13,0),"") -> 100 | N13: =IFERROR(CONCATENATE(ROUND(OFFSET(환산공식!DB$15,$F13,0),1),"%"),"") -> 100% | O13: =IFERROR(OFFSET(환산공식!DC$15,$F13,0),"") -> 0 | P13: =IF(E13="","",IF(Q13>R13,"90% 이상",IF(Q13>S13,CONCATENATE(ROUND(((Q13-S13)/(R13-S13))*20+70,0),"%"),IF(Q13>T13,CONCATENATE(ROUND(((Q13-T13)/(S13-T13))*30+40,0),"%"),IF(Q13>U13,CONCATENATE(ROUND(((Q13-U13)/(T13-U13))*30+10,0),"%"),IF(Q13>V13,CONCATENATE(ROUND(((Q13-V13)/(U13-V13))*7+3,0),"%"),"3% 이하")))))) -> 3% 이하 | Q13: =IFERROR(ROUND(OFFSET(환산공식!$EX$15,$F13,0),3),"") -> 0 | R13: =OFFSET('배치점수 계산기'!H$10,$D13,0) -> 943.085 | S13: =OFFSET('배치점수 계산기'!I$10,$D13,0) -> 940.49 | T13: =OFFSET('배치점수 계산기'!J$10,$D13,0) -> 937.962 | U13: =OFFSET('배치점수 계산기'!K$10,$D13,0) -> 936.102 | V13: =OFFSET('배치점수 계산기'!L$10,$D13,0) -> 934.807 | W13: =OFFSET('배치점수 계산기'!M$10,$D13,0) -> 표점/만점 | X13: =OFFSET('배치점수 계산기'!N$10,$D13,0) -> 변표/만점 | Y13: =OFFSET(환산공식!FG$15,$F13,0) -> 0.39 | Z13: =OFFSET(환산공식!FH$15,$F13,0) -> 0.39 | AA13: =OFFSET(환산공식!FI$15,$F13,0) -> 0.23 | AD13: =IF(L13="X",6,IF(Q13>R13,1,IF(Q13>S13,2,IF(Q13>T13,3,IF(Q13>U13,4,IF(Q13>=V13,5,IF(Q13<V13,6,""))))))) -> 6
C14: 다7 | D14: 1830 | E14: 28 | F14: 28 | G14: 7 | H14: 다 | I14: 중앙대 | J14: 소프트 | K14: 자연 | L14: =IF(OFFSET(환산공식!$DU$15,$F14,0)=1,"O","X") -> X | M14: =IFERROR(OFFSET(환산공식!DA$15,$F14,0),"") -> 100 | N14: =IFERROR(CONCATENATE(ROUND(OFFSET(환산공식!DB$15,$F14,0),1),"%"),"") -> 100% | O14: =IFERROR(OFFSET(환산공식!DC$15,$F14,0),"") -> 10 | P14: =IF(E14="","",IF(Q14>R14,"90% 이상",IF(Q14>S14,CONCATENATE(ROUND(((Q14-S14)/(R14-S14))*20+70,0),"%"),IF(Q14>T14,CONCATENATE(ROUND(((Q14-T14)/(S14-T14))*30+40,0),"%"),IF(Q14>U14,CONCATENATE(ROUND(((Q14-U14)/(T14-U14))*30+10,0),"%"),IF(Q14>V14,CONCATENATE(ROUND(((Q14-V14)/(U14-V14))*7+3,0),"%"),"3% 이하")))))) -> 3% 이하 | Q14: =IFERROR(ROUND(OFFSET(환산공식!$EX$15,$F14,0),3),"") -> 0 | R14: =OFFSET('배치점수 계산기'!H$10,$D14,0) -> 767.44 | S14: =OFFSET('배치점수 계산기'!I$10,$D14,0) -> 765.311 | T14: =OFFSET('배치점수 계산기'!J$10,$D14,0) -> 764.185 | U14: =OFFSET('배치점수 계산기'!K$10,$D14,0) -> 763.082 | V14: =OFFSET('배치점수 계산기'!L$10,$D14,0) -> 761.55 | W14: =OFFSET('배치점수 계산기'!M$10,$D14,0) -> 표점 | X14: =OFFSET('배치점수 계산기'!N$10,$D14,0) -> 변표 | Y14: =OFFSET(환산공식!FG$15,$F14,0) -> 0.25 | Z14: =OFFSET(환산공식!FH$15,$F14,0) -> 0.4 | AA14: =OFFSET(환산공식!FI$15,$F14,0) -> 0.35 | AD14: =IF(L14="X",6,IF(Q14>R14,1,IF(Q14>S14,2,IF(Q14>T14,3,IF(Q14>U14,4,IF(Q14>=V14,5,IF(Q14<V14,6,""))))))) -> 6
C15: 다8 | D15: 1831 | E15: 28 | F15: 28 | G15: 8 | H15: 다 | I15: 중앙대 | J15: 전자전기 | K15: 자연 | L15: =IF(OFFSET(환산공식!$DU$15,$F15,0)=1,"O","X") -> X | M15: =IFERROR(OFFSET(환산공식!DA$15,$F15,0),"") -> 100 | N15: =IFERROR(CONCATENATE(ROUND(OFFSET(환산공식!DB$15,$F15,0),1),"%"),"") -> 100% | O15: =IFERROR(OFFSET(환산공식!DC$15,$F15,0),"") -> 10 | P15: =IF(E15="","",IF(Q15>R15,"90% 이상",IF(Q15>S15,CONCATENATE(ROUND(((Q15-S15)/(R15-S15))*20+70,0),"%"),IF(Q15>T15,CONCATENATE(ROUND(((Q15-T15)/(S15-T15))*30+40,0),"%"),IF(Q15>U15,CONCATENATE(ROUND(((Q15-U15)/(T15-U15))*30+10,0),"%"),IF(Q15>V15,CONCATENATE(ROUND(((Q15-V15)/(U15-V15))*7+3,0),"%"),"3% 이하")))))) -> 3% 이하 | Q15: =IFERROR(ROUND(OFFSET(환산공식!$EX$15,$F15,0),3),"") -> 0 | R15: =OFFSET('배치점수 계산기'!H$10,$D15,0) -> 764.929 | S15: =OFFSET('배치점수 계산기'!I$10,$D15,0) -> 764.494 | T15: =OFFSET('배치점수 계산기'!J$10,$D15,0) -> 763.77 | U15: =OFFSET('배치점수 계산기'!K$10,$D15,0) -> 762.847 | V15: =OFFSET('배치점수 계산기'!L$10,$D15,0) -> 760.333 | W15: =OFFSET('배치점수 계산기'!M$10,$D15,0) -> 표점 | X15: =OFFSET('배치점수 계산기'!N$10,$D15,0) -> 변표 | Y15: =OFFSET(환산공식!FG$15,$F15,0) -> 0.25 | Z15: =OFFSET(환산공식!FH$15,$F15,0) -> 0.4 | AA15: =OFFSET(환산공식!FI$15,$F15,0) -> 0.35 | AD15: =IF(L15="X",6,IF(Q15>R15,1,IF(Q15>S15,2,IF(Q15>T15,3,IF(Q15>U15,4,IF(Q15>=V15,5,IF(Q15<V15,6,""))))))) -> 6
C16: 다9 | D16: 1832 | E16: 30 | F16: 30 | G16: 9 | H16: 다 | I16: 중앙대 | J16: 경영 | K16: 통합 | L16: =IF(OFFSET(환산공식!$DU$15,$F16,0)=1,"O","X") -> X | M16: =IFERROR(OFFSET(환산공식!DA$15,$F16,0),"") -> 100 | N16: =IFERROR(CONCATENATE(ROUND(OFFSET(환산공식!DB$15,$F16,0),1),"%"),"") -> 100% | O16: =IFERROR(OFFSET(환산공식!DC$15,$F16,0),"") -> 10 | P16: =IF(E16="","",IF(Q16>R16,"90% 이상",IF(Q16>S16,CONCATENATE(ROUND(((Q16-S16)/(R16-S16))*20+70,0),"%"),IF(Q16>T16,CONCATENATE(ROUND(((Q16-T16)/(S16-T16))*30+40,0),"%"),IF(Q16>U16,CONCATENATE(ROUND(((Q16-U16)/(T16-U16))*30+10,0),"%"),IF(Q16>V16,CONCATENATE(ROUND(((Q16-V16)/(U16-V16))*7+3,0),"%"),"3% 이하")))))) -> 3% 이하 | Q16: =IFERROR(ROUND(OFFSET(환산공식!$EX$15,$F16,0),3),"") -> 0 | R16: =OFFSET('배치점수 계산기'!H$10,$D16,0) -> 753.503 | S16: =OFFSET('배치점수 계산기'!I$10,$D16,0) -> 752.143 | T16: =OFFSET('배치점수 계산기'!J$10,$D16,0) -> 750.418 | U16: =OFFSET('배치점수 계산기'!K$10,$D16,0) -> 749.073 | V16: =OFFSET('배치점수 계산기'!L$10,$D16,0) -> 748.623 | W16: =OFFSET('배치점수 계산기'!M$10,$D16,0) -> 표점 | X16: =OFFSET('배치점수 계산기'!N$10,$D16,0) -> 변표 | Y16: =OFFSET(환산공식!FG$15,$F16,0) -> 0.35 | Z16: =OFFSET(환산공식!FH$15,$F16,0) -> 0.45 | AA16: =OFFSET(환산공식!FI$15,$F16,0) -> 0.2 | AD16: =IF(L16="X",6,IF(Q16>R16,1,IF(Q16>S16,2,IF(Q16>T16,3,IF(Q16>U16,4,IF(Q16>=V16,5,IF(Q16<V16,6,""))))))) -> 6
C17: 다10 | D17: 1833 | E17: 86 | F17: 86 | G17: 10 | H17: 다 | I17: 이화여대 | J17: 인공지능.데이터사이언스(자연) | K17: 자연 | L17: =IF(OFFSET(환산공식!$DU$15,$F17,0)=1,"O","X") -> X | M17: =IFERROR(OFFSET(환산공식!DA$15,$F17,0),"") -> 200 | N17: =IFERROR(CONCATENATE(ROUND(OFFSET(환산공식!DB$15,$F17,0),1),"%"),"") -> 100% | O17: =IFERROR(OFFSET(환산공식!DC$15,$F17,0),"") -> 10 | P17: =IF(E17="","",IF(Q17>R17,"90% 이상",IF(Q17>S17,CONCATENATE(ROUND(((Q17-S17)/(R17-S17))*20+70,0),"%"),IF(Q17>T17,CONCATENATE(ROUND(((Q17-T17)/(S17-T17))*30+40,0),"%"),IF(Q17>U17,CONCATENATE(ROUND(((Q17-U17)/(T17-U17))*30+10,0),"%"),IF(Q17>V17,CONCATENATE(ROUND(((Q17-V17)/(U17-V17))*7+3,0),"%"),"3% 이하")))))) -> 3% 이하 | Q17: =IFERROR(ROUND(OFFSET(환산공식!$EX$15,$F17,0),3),"") -> 0 | R17: =OFFSET('배치점수 계산기'!H$10,$D17,0) -> 945.89 | S17: =OFFSET('배치점수 계산기'!I$10,$D17,0) -> 944.444 | T17: =OFFSET('배치점수 계산기'!J$10,$D17,0) -> 943.036 | U17: =OFFSET('배치점수 계산기'!K$10,$D17,0) -> 937.984 | V17: =OFFSET('배치점수 계산기'!L$10,$D17,0) -> 931.559 | W17: =OFFSET('배치점수 계산기'!M$10,$D17,0) -> 표점/만점 | X17: =OFFSET('배치점수 계산기'!N$10,$D17,0) -> 변표/만점 | Y17: =OFFSET(환산공식!FG$15,$F17,0) -> 0.32 | Z17: =OFFSET(환산공식!FH$15,$F17,0) -> 0.38 | AA17: =OFFSET(환산공식!FI$15,$F17,0) -> 0.31 | AD17: =IF(L17="X",6,IF(Q17>R17,1,IF(Q17>S17,2,IF(Q17>T17,3,IF(Q17>U17,4,IF(Q17>=V17,5,IF(Q17<V17,6,""))))))) -> 6
C18: 다11 | D18: 1834 | E18: 87 | F18: 87 | G18: 11 | H18: 다 | I18: 이화여대 | J18: 인공지능.데이터사이언스(인문) | K18: 통합 | L18: =IF(OFFSET(환산공식!$DU$15,$F18,0)=1,"O","X") -> X | M18: =IFERROR(OFFSET(환산공식!DA$15,$F18,0),"") -> 200 | N18: =IFERROR(CONCATENATE(ROUND(OFFSET(환산공식!DB$15,$F18,0),1),"%"),"") -> 100% | O18: =IFERROR(OFFSET(환산공식!DC$15,$F18,0),"") -> 10 | P18: =IF(E18="","",IF(Q18>R18,"90% 이상",IF(Q18>S18,CONCATENATE(ROUND(((Q18-S18)/(R18-S18))*20+70,0),"%"),IF(Q18>T18,CONCATENATE(ROUND(((Q18-T18)/(S18-T18))*30+40,0),"%"),IF(Q18>U18,CONCATENATE(ROUND(((Q18-U18)/(T18-U18))*30+10,0),"%"),IF(Q18>V18,CONCATENATE(ROUND(((Q18-V18)/(U18-V18))*7+3,0),"%"),"3% 이하")))))) -> 3% 이하 | Q18: =IFERROR(ROUND(OFFSET(환산공식!$EX$15,$F18,0),3),"") -> 0 | R18: =OFFSET('배치점수 계산기'!H$10,$D18,0) -> 940.867 | S18: =OFFSET('배치점수 계산기'!I$10,$D18,0) -> 939.715 | T18: =OFFSET('배치점수 계산기'!J$10,$D18,0) -> 938.23 | U18: =OFFSET('배치점수 계산기'!K$10,$D18,0) -> 935.715 | V18: =OFFSET('배치점수 계산기'!L$10,$D18,0) -> 930.897 | W18: =OFFSET('배치점수 계산기'!M$10,$D18,0) -> 표점/만점 | X18: =OFFSET('배치점수 계산기'!N$10,$D18,0) -> 변표/만점 | Y18: =OFFSET(환산공식!FG$15,$F18,0) -> 0.37 | Z18: =OFFSET(환산공식!FH$15,$F18,0) -> 0.37 | AA18: =OFFSET(환산공식!FI$15,$F18,0) -> 0.26 | AD18: =IF(L18="X",6,IF(Q18>R18,1,IF(Q18>S18,2,IF(Q18>T18,3,IF(Q18>U18,4,IF(Q18>=V18,5,IF(Q18<V18,6,""))))))) -> 6
C19: 다12 | D19: 1835 | E19: 38 | F19: 38 | G19: 12 | H19: 다 | I19: 한국외대 | J19: 언어AI융합 | K19: 자연 | L19: =IF(OFFSET(환산공식!$DU$15,$F19,0)=1,"O","X") -> X | M19: =IFERROR(OFFSET(환산공식!DA$15,$F19,0),"") -> 105 | N19: =IFERROR(CONCATENATE(ROUND(OFFSET(환산공식!DB$15,$F19,0),1),"%"),"") -> 100% | O19: =IFERROR(OFFSET(환산공식!DC$15,$F19,0),"") -> 0 | P19: =IF(E19="","",IF(Q19>R19,"90% 이상",IF(Q19>S19,CONCATENATE(ROUND(((Q19-S19)/(R19-S19))*20+70,0),"%"),IF(Q19>T19,CONCATENATE(ROUND(((Q19-T19)/(S19-T19))*30+40,0),"%"),IF(Q19>U19,CONCATENATE(ROUND(((Q19-U19)/(T19-U19))*30+10,0),"%"),IF(Q19>V19,CONCATENATE(ROUND(((Q19-V19)/(U19-V19))*7+3,0),"%"),"3% 이하")))))) -> 3% 이하 | Q19: =IFERROR(ROUND(OFFSET(환산공식!$EX$15,$F19,0),3),"") -> 0 | R19: =OFFSET('배치점수 계산기'!H$10,$D19,0) -> 653.532 | S19: =OFFSET('배치점수 계산기'!I$10,$D19,0) -> 651.21 | T19: =OFFSET('배치점수 계산기'!J$10,$D19,0) -> 648.082 | U19: =OFFSET('배치점수 계산기'!K$10,$D19,0) -> 641.798 | V19: =OFFSET('배치점수 계산기'!L$10,$D19,0) -> 638.437 | W19: =OFFSET('배치점수 계산기'!M$10,$D19,0) -> 표점/만점 | X19: =OFFSET('배치점수 계산기'!N$10,$D19,0) -> 변표/만점 | Y19: =OFFSET(환산공식!FG$15,$F19,0) -> 0.24 | Z19: =OFFSET(환산공식!FH$15,$F19,0) -> 0.41 | AA19: =OFFSET(환산공식!FI$15,$F19,0) -> 0.35 | AD19: =IF(L19="X",6,IF(Q19>R19,1,IF(Q19>S19,2,IF(Q19>T19,3,IF(Q19>U19,4,IF(Q19>=V19,5,IF(Q19<V19,6,""))))))) -> 6
C20: 다13 | D20: 1836 | E20: 38 | F20: 38 | G20: 13 | H20: 다 | I20: 한국외대 | J20: 통계 | K20: 자연 | L20: =IF(OFFSET(환산공식!$DU$15,$F20,0)=1,"O","X") -> X | M20: =IFERROR(OFFSET(환산공식!DA$15,$F20,0),"") -> 105 | N20: =IFERROR(CONCATENATE(ROUND(OFFSET(환산공식!DB$15,$F20,0),1),"%"),"") -> 100% | O20: =IFERROR(OFFSET(환산공식!DC$15,$F20,0),"") -> 0 | P20: =IF(E20="","",IF(Q20>R20,"90% 이상",IF(Q20>S20,CONCATENATE(ROUND(((Q20-S20)/(R20-S20))*20+70,0),"%"),IF(Q20>T20,CONCATENATE(ROUND(((Q20-T20)/(S20-T20))*30+40,0),"%"),IF(Q20>U20,CONCATENATE(ROUND(((Q20-U20)/(T20-U20))*30+10,0),"%"),IF(Q20>V20,CONCATENATE(ROUND(((Q20-V20)/(U20-V20))*7+3,0),"%"),"3% 이하")))))) -> 3% 이하 | Q20: =IFERROR(ROUND(OFFSET(환산공식!$EX$15,$F20,0),3),"") -> 0 | R20: =OFFSET('배치점수 계산기'!H$10,$D20,0) -> 613.307 | S20: =OFFSET('배치점수 계산기'!I$10,$D20,0) -> 611.664 | T20: =OFFSET('배치점수 계산기'!J$10,$D20,0) -> 609.606 | U20: =OFFSET('배치점수 계산기'!K$10,$D20,0) -> 608.324 | V20: =OFFSET('배치점수 계산기'!L$10,$D20,0) -> 605.461 | W20: =OFFSET('배치점수 계산기'!M$10,$D20,0) -> 표점/만점 | X20: =OFFSET('배치점수 계산기'!N$10,$D20,0) -> 변표/만점 | Y20: =OFFSET(환산공식!FG$15,$F20,0) -> 0.24 | Z20: =OFFSET(환산공식!FH$15,$F20,0) -> 0.41 | AA20: =OFFSET(환산공식!FI$15,$F20,0) -> 0.35 | AD20: =IF(L20="X",6,IF(Q20>R20,1,IF(Q20>S20,2,IF(Q20>T20,3,IF(Q20>U20,4,IF(Q20>=V20,5,IF(Q20<V20,6,""))))))) -> 6
... C330: 다323 | D330: 2165 | E330: 215 | F330: 215 | G330: 323 | H330: 다 | I330: 제주대 | J330: 수의예 | K330: 자연 | L330: =IF(OFFSET(환산공식!$DU$15,$F330,0)=1,"O","X") -> X | M330: =IFERROR(OFFSET(환산공식!DA$15,$F330,0),"") -> 200 | N330: =IFERROR(CONCATENATE(ROUND(OFFSET(환산공식!DB$15,$F330,0),1),"%"),"") -> 100% | O330: =IFERROR(OFFSET(환산공식!DC$15,$F330,0),"") -> 10 | P330: =IF(E330="","",IF(Q330>R330,"90% 이상",IF(Q330>S330,CONCATENATE(ROUND(((Q330-S330)/(R330-S330))*20+70,0),"%"),IF(Q330>T330,CONCATENATE(ROUND(((Q330-T330)/(S330-T330))*30+40,0),"%"),IF(Q330>U330,CONCATENATE(ROUND(((Q330-U330)/(T330-U330))*30+10,0),"%"),IF(Q330>V330,CONCATENATE(ROUND(((Q330-V330)/(U330-V330))*7+3,0),"%"),"3% 이하")))))) -> 3% 이하 | Q330: =IFERROR(ROUND(OFFSET(환산공식!$EX$15,$F330,0),3),"") -> 0 | R330: =OFFSET('배치점수 계산기'!H$10,$D330,0) -> 780.78 | S330: =OFFSET('배치점수 계산기'!I$10,$D330,0) -> 778.49 | T330: =OFFSET('배치점수 계산기'!J$10,$D330,0) -> 776.39 | U330: =OFFSET('배치점수 계산기'!K$10,$D330,0) -> 773.69 | V330: =OFFSET('배치점수 계산기'!L$10,$D330,0) -> 773.19 | W330: =OFFSET('배치점수 계산기'!M$10,$D330,0) -> 백분위 | X330: =OFFSET('배치점수 계산기'!N$10,$D330,0) -> 백분위 | Y330: =OFFSET(환산공식!FG$15,$F330,0) -> 0.25 | Z330: =OFFSET(환산공식!FH$15,$F330,0) -> 0.38 | AA330: =OFFSET(환산공식!FI$15,$F330,0) -> 0.38 | AD330: =IF(L330="X",6,IF(Q330>R330,1,IF(Q330>S330,2,IF(Q330>T330,3,IF(Q330>U330,4,IF(Q330>=V330,5,IF(Q330<V330,6,""))))))) -> 6

Sheet 2025학년도 변표
A1: 2025학년도 탐구 변표
A2: (업데이트 - 24.12.11) | C2: 25실제변표
C3: 연세대 | E3: 고려대 | G3: 서강 자연 | I3: 서강 인문 | K3: 성균 자연 | M3: 성균 인문 | O3: 한양 자연 | Q3: 한양 통합 | S3: 중앙 자연 | U3: 중앙 통합 | W3: 경희 자연 | Y3: 경희 통합 | AA3: 한국외 전체 | AC3: 서울시립 전체 | AE3: 건국 전체 | AG3: 동국 인문 | AI3: 동국 자연 | AK3: 동국 AI | AM3: 숙명 전체 | AO3: 숭실 자연1 | AQ3: 숭실 인문자연2융특 | AS3: 세종 | AU3: 이화 전체 | AW3: 광운 자연 | AY3: 광운 통합정융 | BA3: 가톨 자연 | BC3: 가톨 통합 | BE3: 가톨 간호인문 | BG3: 아주 전체 | BI3: 인하 통합 | BK3: 인하 자연 | BM3: 미반영A | BO3: 고려세종 | BQ3: 동의 한 | BS3: 연세미래 | BU3: 차의 | BW3: 경북 전체 | BY3: 전북 전체 | CA3: 한양대에리카 인문 | CC3: 한양대에리카 자연
B4: 백분위 | C4: 1사 | D4: 1과 | E4: 2사 | F4: 2과 | G4: 3사 | H4: 3과 | I4: 4사 | J4: 4과 | K4: 5사 | L4: 5과 | M4: 6사 | N4: 6과 | O4: 7사 | P4: 7과 | Q4: 8사 | R4: 8과 | S4: 9사 | T4: 9과 | U4: 10사 | V4: 10과 | W4: 11사 | X4: 11과 | Y4: 12사 | Z4: 12과 | AA4: 13사 | AB4: 13과 | AC4: 14사 | AD4: 14과 | AE4: 15사 | AF4: 15과 | AG4: 16사 | AH4: 16과 | AI4: 17사 | AJ4: 17과 | AK4: 18사 | AL4: 18과 | AM4: 19사 | AN4: 19과 | AO4: 20사 | AP4: 20과 | AQ4: 21사 | AR4: 21과 | AS4: 22사 | AT4: 22과 | AU4: 23사 | AV4: 23과 | AW4: 24사 | AX4: 24과 | AY4: 25사 | AZ4: 25과 | BA4: 26사 | BB4: 26과 | BC4: 27사 | BD4: 27과 | BE4: 28사 | BF4: 28과 | BG4: 29사 | BH4: 29과 | BI4: 30사 | BJ4: 30과 | BK4: 31사 | BL4: 31과 | BM4: 32사 | BN4: 32과 | BO4: 33사 | BP4: 33과 | BQ4: 34사 | BR4: 34과 | BS4: 35사 | BT4: 35과 | BU4: 36사 | BV4: 36과 | BW4: 37사 | BX4: 37과 | BY4: 38사 | BZ4: 38과 | CA4: 39사 | CB4: 39과 | CC4: 40사 | CD4: 40과 | CE4: 41과 | CF4: 41사 | CG4: 42과 | CH4: 42사 | CI4: 43과 | CJ4: 43사 | CK4: 44과 | CL4: 44사 | CM4: 45과 | CN4: 45사
B5: 100 | C5: 70 | D5: 70 | E5: 67.22 | F5: 71.75 | G5: 71 | H5: 71 | I5: 68.07 | J5: 68.07 | K5: 67.22 | L5: 71.75 | M5: 69.22 | N5: 70.75 | O5: 68.85 | P5: 68.85 | Q5: 68.03 | R5: 68.03 | S5: 71.75 | T5: 71.75 | U5: 70.86 | V5: 70.86 | W5: 71.5 | X5: 71.5 | Y5: 70.7 | Z5: 70.7 | AA5: 69.35 | AB5: 69.35 | AC5: 67.22 | AD5: 71.75 | AE5: 69.35 | AF5: 69.35 | AG5: 70.88 | AH5: 70.88 | AI5: 72.63 | AJ5: 72.63 | AK5: 70.33 | AL5: 72.63 | AM5: 69.35 | AN5: 69.35 | AO5: 71.75 | AP5: 71.75 | AQ5: 69.35 | AR5: 69.35 | AS5: 67.22 | AT5: 71.75 | AU5: 67.22 | AV5: 71.75 | AW5: 71.75 | AX5: 71.75 | AY5: 69.35 | AZ5: 69.35 | BA5: 71.75 | BB5: 71.75 | BE5: 69.35 | BF5: 69.35 | BG5: 67.22 | BH5: 71.54 | BI5: 69.96 | BJ5: 69.96 | BK5: 72.29 | BL5: 72.29 | BN5: 71.75 | BO5: 67.22 | BP5: 71.75 | BQ5: 69.35 | BR5: 69.35 | BS5: 67.22 | BT5: 71.75 | BU5: 71.75 | BV5: 71.75 | BW5: 67.22 | BX5: 71.75 | BY5: 67.222 | BZ5: 71.75 | CA5: 69.35 | CB5: 69.35 | CC5: 71.75 | CD5: 71.75
B6: 99 | C6: 68.78 | D6: 68.78 | E6: 66.66 | F6: 71 | G6: 70.36 | H6: 70.36 | I6: 67.52 | J6: 67.52 | K6: 66.67 | L6: 71.75 | M6: 68.17 | N6: 70.75 | O6: 68.8 | P6: 68.8 | Q6: 67.73 | R6: 67.73 | S6: 71 | T6: 71 | U6: 70.33 | V6: 70.33 | W6: 69.62 | X6: 69.62 | Y6: 69.17 | Z6: 69.17 | AA6: 69.31 | AB6: 69.31 | AC6: 66.49 | AD6: 70.03 | AE6: 68.7 | AF6: 68.7 | AG6: 69.53 | AH6: 69.53 | AI6: 71.13 | AJ6: 71.13 | AK6: 69.11 | AL6: 71.13 | AM6: 68.7 | AN6: 68.7 | AO6: 71 | AP6: 71 | AQ6: 68.71 | AR6: 68.71 | AS6: 66.67 | AT6: 71 | AU6: 66.67 | AV6: 71 | AW6: 71 | AX6: 71 | AY6: 68.71 | AZ6: 68.71 | BA6: 71 | BB6: 71 | BE6: 68.71 | BF6: 68.71 | BG6: 66.56 | BH6: 70.94 | BI6: 68.82 | BJ6: 68.82 | BK6: 71 | BL6: 71 | BN6: 70.9 | BO6: 66.66 | BP6: 71 | BQ6: 68.71 | BR6: 68.71 | BS6: 66.7 | BT6: 70.25 | BU6: 71 | BV6: 71 | BW6: 66.67 | BX6: 71 | BY6: 66.667 | BZ6: 71 | CA6: 68.71 | CB6: 68.71 | CC6: 71 | CD6: 71
B7: 98 | C7: 68.1 | D7: 68.1 | E7: 66.01 | F7: 69.75 | G7: 69.3 | H7: 69.3 | I7: 66.86 | J7: 66.86 | K7: 66.02 | L7: 70.4 | M7: 68.02 | N7: 69.5 | O7: 67.46 | P7: 67.46 | Q7: 66.74 | R7: 66.74 | S7: 69.75 | T7: 69.75 | U7: 69.4 | V7: 69.4 | W7: 67.81 | X7: 67.81 | Y7: 67.85 | Z7: 67.85 | AA7: 68.84 | AB7: 68.84 | AC7: 65.77 | AD7: 68.67 | AE7: 67.77 | AF7: 67.77 | AG7: 68.3 | AH7: 68.3 | AI7: 69.75 | AJ7: 69.75 | AK7: 68.02 | AL7: 69.75 | AM7: 67.77 | AN7: 67.77 | AO7: 69.75 | AP7: 69.75 | AQ7: 67.77 | AR7: 67.77 | AS7: 66.02 | AT7: 69.75 | AU7: 66.02 | AV7: 69.88 | AW7: 69.75 | AX7: 69.75 | AY7: 67.77 | AZ7: 67.77 | BA7: 69.75 | BB7: 69.75 | BE7: 67.77 | BF7: 67.77 | BG7: 66.02 | BH7: 69.69 | BI7: 67.89 | BJ7: 67.89 | BK7: 69.75 | BL7: 69.75 | BN7: 69.8 | BO7: 66.01 | BP7: 69.75 | BQ7: 67.77 | BR7: 67.77 | BS7: 66.25 | BT7: 69.53 | BU7: 69.75 | BV7: 69.75 | BW7: 66.02 | BX7: 69.75 | BY7: 66.019 | BZ7: 69.75 | CA7: 67.77 | CB7: 67.77 | CC7: 69.75 | CD7: 69.75
B8: 97 | C8: 67.36 | D8: 67.36 | E8: 65.61 | F8: 68.68 | G8: 68.4 | H8: 68.4 | I8: 66.46 | J8: 66.46 | K8: 65.62 | L8: 69.73 | M8: 67.42 | N8: 69.12 | O8: 66.62 | P8: 66.62 | Q8: 66.12 | R8: 66.12 | S8: 68.69 | T8: 68.69 | U8: 68.63 | V8: 68.63 | W8: 66.97 | X8: 66.97 | Y8: 67.04 | Z8: 67.04 | AA8: 68.34 | AB8: 68.34 | AC8: 65.31 | AD8: 67.63 | AE8: 67.06 | AF8: 67.06 | AG8: 67.41 | AH8: 67.41 | AI8: 68.69 | AJ8: 68.69 | AK8: 67.28 | AL8: 68.69 | AM8: 67.06 | AN8: 67.06 | AO8: 68.69 | AP8: 68.69 | AQ8: 67.06 | AR8: 67.06 | AS8: 65.62 | AT8: 68.69 | AU8: 65.62 | AV8: 68.69 | AW8: 68.69 | AX8: 68.69 | AY8: 67.06 | AZ8: 67.06 | BA8: 68.69 | BB8: 68.69 | BE8: 67.06 | BF8: 67.06 | BG8: 65.62 | BH8: 68.63 | BI8: 67.13 | BJ8: 67.13 | BK8: 68.63 | BL8: 68.63 | BN8: 68.69 | BO8: 65.61 | BP8: 68.68 | BQ8: 67.06 | BR8: 67.06 | BS8: 65.87 | BT8: 68.67 | BU8: 68.68 | BV8: 68.68 | BW8: 65.62 | BX8: 68.69 | BY8: 65.616 | BZ8: 68.688 | CA8: 67.06 | CB8: 67.06 | CC8: 68.69 | CD8: 68.69
B9: 96 | C9: 66.69 | D9: 66.69 | E9: 65.21 | F9: 68 | G9: 67.81 | H9: 67.81 | I9: 66.04 | J9: 66.04 | K9: 65.21 | L9: 69.03 | M9: 67.21 | N9: 68.5 | O9: 66.1 | P9: 66.1 | Q9: 65.65 | R9: 65.65 | S9: 68 | T9: 68 | U9: 68.13 | V9: 68.13 | W9: 66.37 | X9: 66.37 | Y9: 66.39 | Z9: 66.39 | AA9: 68.06 | AB9: 68.06 | AC9: 64.86 | AD9: 66.95 | AE9: 66.52 | AF9: 66.52 | AG9: 66.7 | AH9: 66.7 | AI9: 68 | AJ9: 68 | AK9: 66.55 | AL9: 68 | AM9: 66.52 | AN9: 66.52 | AO9: 68 | AP9: 68 | AQ9: 66.53 | AR9: 66.53 | AS9: 65.21 | AT9: 68 | AU9: 65.21 | AV9: 68 | AW9: 68 | AX9: 68 | AY9: 66.53 | AZ9: 66.53 | BA9: 68 | BB9: 68 | BE9: 66.53 | BF9: 66.53 | BG9: 65.21 | BH9: 67.97 | BI9: 66.63 | BJ9: 66.63 | BK9: 68.06 | BL9: 68.06 | BN9: 67.93 | BO9: 65.21 | BP9: 68 | BQ9: 66.53 | BR9: 66.53 | BS9: 65.38 | BT9: 68 | BU9: 68 | BV9: 68 | BW9: 65.21 | BX9: 68 | BY9: 65.214 | BZ9: 68 | CA9: 66.53 | CB9: 66.53 | CC9: 68 | CD9: 68
B10: 95 | C10: 66.05 | D10: 66.05 | E10: 64.82 | F10: 67.31 | G10: 67.22 | H10: 67.22 | I10: 65.66 | J10: 65.66 | K10: 64.83 | L10: 68.6 | M10: 66.53 | N10: 68 | O10: 65.43 | P10: 65.43 | Q10: 65.13 | R10: 65.13 | S10: 67.31 | T10: 67.31 | U10: 67.61 | V10: 67.61 | W10: 65.7 | X10: 65.7 | Y10: 65.79 | Z10: 65.79 | AA10: 67.68 | AB10: 67.68 | AC10: 64.45 | AD10: 66.27 | AE10: 65.99 | AF10: 65.99 | AG10: 66.06 | AH10: 66.06 | AI10: 67.31 | AJ10: 67.31 | AK10: 65.94 | AL10: 67.31 | AM10: 65.99 | AN10: 65.99 | AO10: 67.31 | AP10: 67.31 | AQ10: 66 | AR10: 66 | AS10: 64.83 | AT10: 67.31 | AU10: 64.83 | AV10: 67.31 | AW10: 67.31 | AX10: 67.31 | AY10: 66 | AZ10: 66 | BA10: 67.31 | BB10: 67.31 | BE10: 66 | BF10: 66 | BG10: 64.83 | BH10: 67.31 | BI10: 66 | BJ10: 66 | BK10: 67.31 | BL10: 67.31 | BN10: 67.23 | BO10: 64.82 | BP10: 67.31 | BQ10: 66 | BR10: 66 | BS10: 64.9 | BT10: 67.31 | BU10: 67.31 | BV10: 67.31 | BW10: 64.83 | BX10: 67.31 | BY10: 64.827 | BZ10: 67.313 | CA10: 66 | CB10: 66 | CC10: 67.31 | CD10: 67.31
B11: 94 | C11: 65.52 | D11: 65.52 | E11: 64.51 | F11: 66.62 | G11: 66.65 | H11: 66.65 | I11: 65.34 | J11: 65.34 | K11: 64.51 | L11: 67.78 | M11: 66.41 | N11: 67.87 | O11: 64.85 | P11: 64.85 | Q11: 64.68 | R11: 64.68 | S11: 66.63 | T11: 66.63 | U11: 67.12 | V11: 67.12 | W11: 65.22 | X11: 65.22 | Y11: 65.32 | Z11: 65.32 | AA11: 67.24 | AB11: 67.24 | AC11: 64.12 | AD11: 65.6 | AE11: 65.5 | AF11: 65.5 | AG11: 65.51 | AH11: 65.51 | AI11: 66.63 | AJ11: 66.63 | AK11: 65.51 | AL11: 66.63 | AM11: 65.5 | AN11: 65.5 | AO11: 66.63 | AP11: 66.63 | AQ11: 65.51 | AR11: 65.51 | AS11: 64.51 | AT11: 66.63 | AU11: 64.51 | AV11: 66.63 | AW11: 66.63 | AX11: 66.63 | AY11: 65.51 | AZ11: 65.51 | BA11: 66.63 | BB11: 66.63 | BE11: 65.51 | BF11: 65.51 | BG11: 64.51 | BH11: 66.59 | BI11: 65.51 | BJ11: 65.51 | BK11: 66.63 | BL11: 66.63 | BN11: 66.53 | BO11: 64.51 | BP11: 66.62 | BQ11: 65.51 | BR11: 65.51 | BS11: 64.51 | BT11: 66.63 | BU11: 66.62 | BV11: 66.62 | BW11: 64.51 | BX11: 66.62 | BY11: 64.513 | BZ11: 66.625 | CA11: 65.51 | CB11: 65.51 | CC11: 66.63 | CD11: 66.63
B12: 93 | C12: 65.07 | D12: 65.07 | E12: 64.24 | F12: 66.06 | G12: 66.16 | H12: 66.16 | I12: 65.06 | J12: 65.06 | K12: 64.24 | L12: 67.48 | M12: 65.94 | N12: 67.56 | O12: 64.34 | P12: 64.34 | Q12: 64.29 | R12: 64.29 | S12: 66.06 | T12: 66.06 | U12: 66.69 | V12: 66.69 | W12: 64.79 | X12: 64.79 | Y12: 64.86 | Z12: 64.86 | AA12: 66.8 | AB12: 66.8 | AC12: 63.85 | AD12: 65.04 | AE12: 65.09 | AF12: 65.09 | AG12: 65.1 | AH12: 65.1 | AI12: 66.06 | AJ12: 66.06 | AK12: 65.24 | AL12: 66.06 | AM12: 65.09 | AN12: 65.09 | AO12: 66.06 | AP12: 66.06 | AQ12: 65.1 | AR12: 65.1 | AS12: 64.24 | AT12: 66.06 | AU12: 64.24 | AV12: 66.06 | AW12: 66.06 | AX12: 66.06 | AY12: 65.1 | AZ12: 65.1 | BA12: 66.06 | BB12: 66.06 | BE12: 65.1 | BF12: 65.1 | BG12: 64.24 | BH12: 66 | BI12: 65.19 | BJ12: 65.19 | BK12: 66.25 | BL12: 66.25 | BN12: 65.93 | BO12: 64.24 | BP12: 66.06 | BQ12: 65.1 | BR12: 65.1 | BS12: 64.24 | BT12: 66.06 | BU12: 66.06 | BV12: 66.06 | BW12: 64.24 | BX12: 66.06 | BY12: 64.24 | BZ12: 66.063 | CA12: 65.1 | CB12: 65.1 | CC12: 66.06 | CD12: 66.06
B13: 92 | C13: 64.54 | D13: 64.54 | E13: 63.91 | F13: 65.35 | G13: 65.57 | H13: 65.57 | I13: 64.73 | J13: 64.73 | K13: 63.91 | L13: 66.86 | M13: 65.71 | N13: 67.31 | O13: 63.94 | P13: 63.94 | Q13: 63.92 | R13: 63.92 | S13: 65.35 | T13: 65.35 | U13: 66.11 | V13: 66.11 | W13: 64.35 | X13: 64.35 | Y13: 64.39 | Z13: 64.39 | AA13: 66.45 | AB13: 66.45 | AC13: 63.52 | AD13: 64.35 | AE13: 64.59 | AF13: 64.59 | AG13: 64.59 | AH13: 64.59 | AI13: 65.36 | AJ13: 65.36 | AK13: 64.91 | AL13: 65.36 | AM13: 64.59 | AN13: 64.59 | AO13: 65.36 | AP13: 65.36 | AQ13: 64.59 | AR13: 64.59 | AS13: 63.91 | AT13: 65.36 | AU13: 63.91 | AV13: 65.48 | AW13: 65.35 | AX13: 65.35 | AY13: 64.59 | AZ13: 64.59 | BA13: 65.36 | BB13: 65.36 | BE13: 64.59 | BF13: 64.59 | BG13: 63.91 | BH13: 65.35 | BI13: 64.59 | BJ13: 64.59 | BK13: 65.36 | BL13: 65.36 | BN13: 65.37 | BO13: 63.91 | BP13: 65.35 | BQ13: 64.59 | BR13: 64.59 | BS13: 63.91 | BT13: 65.36 | BU13: 65.35 | BV13: 65.35 | BW13: 63.91 | BX13: 65.35 | BY13: 63.912 | BZ13: 65.354 | CA13: 64.59 | CB13: 64.59 | CC13: 65.36 | CD13: 65.36
B14: 91 | C14: 64.18 | D14: 64.18 | E14: 63.63 | F14: 64.79 | G14: 65.08 | H14: 65.08 | I14: 64.46 | J14: 64.46 | K14: 63.64 | L14: 66.32 | M14: 65.64 | N14: 67 | O14: 63.49 | P14: 63.49 | Q14: 63.56 | R14: 63.56 | S14: 64.79 | T14: 64.79 | U14: 65.9 | V14: 65.9 | W14: 63.79 | X14: 63.79 | Y14: 63.91 | Z14: 63.91 | AA14: 66.36 | AB14: 66.36 | AC14: 63.26 | AD14: 63.79 | AE14: 64.18 | AF14: 64.18 | AG14: 64.18 | AH14: 64.18 | AI14: 64.79 | AJ14: 64.79 | AK14: 64.64 | AL14: 64.79 | AM14: 64.18 | AN14: 64.18 | AO14: 64.79 | AP14: 64.79 | AQ14: 64.18 | AR14: 64.18 | AS14: 63.64 | AT14: 64.79 | AU14: 63.64 | AV14: 64.85 | AW14: 64.79 | AX14: 64.79 | AY14: 64.18 | AZ14: 64.18 | BA14: 64.79 | BB14: 64.79 | BE14: 64.18 | BF14: 64.18 | BG14: 63.64 | BH14: 64.79 | BI14: 64.18 | BJ14: 64.18 | BK14: 64.79 | BL14: 64.79 | BN14: 64.83 | BO14: 63.63 | BP14: 64.79 | BQ14: 64.18 | BR14: 64.18 | BS14: 63.64 | BT14: 64.79 | BU14: 64.79 | BV14: 64.79 | BW14: 63.64 | BX14: 64.79 | BY14: 63.639 | BZ14: 64.792 | CA14: 64.18 | CB14: 64.18 | CC14: 64.79 | CD14: 64.79
B15: 90 | C15: 63.82 | D15: 63.82 | E15: 63.27 | F15: 64.33 | G15: 64.69 | H15: 64.69 | I15: 64.09 | J15: 64.09 | K15: 63.28 | L15: 66.18 | M15: 64.58 | N15: 66.86 | O15: 63.15 | P15: 63.15 | Q15: 63.21 | R15: 63.21 | S15: 64.33 | T15: 64.33 | U15: 65.41 | V15: 65.41 | W15: 63.37 | X15: 63.37 | Y15: 63.52 | Z15: 63.52 | AA15: 65.51 | AB15: 65.51 | AC15: 62.9 | AD15: 63.34 | AE15: 63.77 | AF15: 63.77 | AG15: 63.78 | AH15: 63.78 | AI15: 64.33 | AJ15: 64.33 | AK15: 64.28 | AL15: 64.33 | AM15: 63.77 | AN15: 63.77 | AO15: 64.33 | AP15: 64.33 | AQ15: 63.78 | AR15: 63.78 | AS15: 63.28 | AT15: 64.33 | AU15: 63.28 | AV15: 64.33 | AW15: 64.33 | AX15: 64.33 | AY15: 63.77 | AZ15: 63.77 | BA15: 64.33 | BB15: 64.33 | BE15: 63.78 | BF15: 63.78 | BG15: 63.28 | BH15: 64.33 | BI15: 63.78 | BJ15: 63.78 | BK15: 64.34 | BL15: 64.34 | BN15: 64.34 | BO15: 63.27 | BP15: 64.33 | BQ15: 63.77 | BR15: 63.77 | BS15: 63.28 | BT15: 64.33 | BU15: 64.33 | BV15: 64.33 | BW15: 63.28 | BX15: 64.33 | BY15: 63.278 | BZ15: 64.333 | CA15: 63.78 | CB15: 63.78 | CC15: 64.33 | CD15: 64.33
B16: 89 | C16: 63.43 | D16: 63.43 | E16: 62.95 | F16: 63.88 | G16: 64.32 | H16: 64.32 | I16: 63.77 | J16: 63.77 | K16: 62.96 | L16: 65.42 | M16: 63.76 | N16: 66.23 | O16: 62.83 | P16: 62.83 | Q16: 62.89 | R16: 62.89 | S16: 63.89 | T16: 63.89 | U16: 64.92 | V16: 64.92 | W16: 62.95 | X16: 62.95 | Y16: 63.14 | Z16: 63.14 | AA16: 64.95 | AB16: 64.95 | AC16: 62.58 | AD16: 62.9 | AE16: 63.39 | AF16: 63.39 | AG16: 63.39 | AH16: 63.39 | AI16: 63.89 | AJ16: 63.89 | AK16: 63.96 | AL16: 63.89 | AM16: 63.39 | AN16: 63.39 | AO16: 63.89 | AP16: 63.89 | AQ16: 63.39 | AR16: 63.39 | AS16: 62.96 | AT16: 63.89 | AU16: 62.98 | AV16: 63.89 | AW16: 63.89 | AX16: 63.89 | AY16: 63.39 | AZ16: 63.39 | BA16: 63.89 | BB16: 63.89 | BE16: 63.39 | BF16: 63.39 | BG16: 62.96 | BH16: 63.89 | BI16: 63.4 | BJ16: 63.4 | BK16: 63.89 | BL16: 63.89 | BN16: 63.89 | BO16: 62.95 | BP16: 63.88 | BQ16: 63.39 | BR16: 63.39 | BS16: 62.96 | BT16: 63.89 | BU16: 63.88 | BV16: 63.88 | BW16: 62.96 | BX16: 63.89 | BY16: 62.958 | BZ16: 63.885 | CA16: 63.39 | CB16: 63.39 | CC16: 63.89 | CD16: 63.89
... B75: 30 | C75: 42.87 | D75: 42.87 | E75: 42.67 | F75: 43.21 | G75: 46.75 | H75: 46.75 | I75: 43.29 | J75: 43.29 | K75: 42.68 | L75: 43.21 | M75: 42.68 | N75: 43.21 | O75: 43.38 | P75: 43.38 | Q75: 43.03 | R75: 43.03 | S75: 43.22 | T75: 43.22 | U75: 42.93 | V75: 42.93 | W75: 42.93 | X75: 42.93 | Y75: 42.96 | Z75: 42.96 | AA75: 42.27 | AB75: 42.27 | AC75: 42.42 | AD75: 42.55 | AE75: 42.93 | AF75: 42.93 | AG75: 42.93 | AH75: 42.93 | AI75: 43.22 | AJ75: 43.22 | AK75: 43.68 | AL75: 43.22 | AM75: 42.93 | AN75: 42.93 | AO75: 43.22 | AP75: 43.22 | AQ75: 42.93 | AR75: 42.93 | AS75: 42.68 | AT75: 43.22 | AU75: 42.68 | AV75: 43.22 | AW75: 43.22 | AX75: 43.22 | AY75: 42.93 | AZ75: 42.93 | BA75: 43.22 | BB75: 43.22 | BE75: 42.93 | BF75: 42.93 | BG75: 42.68 | BH75: 43.22 | BI75: 42.93 | BJ75: 42.93 | BK75: 43.22 | BL75: 43.22 | BN75: 43.26 | BO75: 42.67 | BP75: 43.21 | BQ75: 42.93 | BR75: 42.93 | BS75: 42.68 | BT75: 43.22 | BU75: 43.21 | BV75: 43.21 | BW75: 42.68 | BX75: 43.22 | BY75: 42.68 | BZ75: 43.216 | CA75: 42.93 | CB75: 42.93 | CC75: 43.22 | CD75: 43.22
H114: 변표테이블 row
H115: 과1 백분 | I115: 과2 백분 | J115: 사1 백분 | K115: 사2 백분
H116: =환산공식!DY6 -> 0 | I116: =환산공식!DZ6 -> 0 | J116: =환산공식!EA6 -> 0 | K116: =환산공식!EB6 -> 0
B117: 변표 출력 | H117: 과 | I117: 과 | J117: 사 | K117: 사 | L117: 변표테이블 column
B118: 코드 | E118: 주요대학 | F118: 탐구1 점수 | G118: 탐구2 점수 | H118: 과1 점수 | I118: 과2 점수 | J118: 사1 점수 | K118: 사2 점수
B119: 1 | C119: =INDEX('2025학년도 변표'!$C$5:$FF$5,MATCH(L119,'2025학년도 변표'!$C$4:$FF$4,0)) -> 70 | D119: =INDEX('2025학년도 변표'!$C$5:$FF$5,MATCH(M119,'2025학년도 변표'!$C$4:$FF$4,0)) -> 70 | E119: 디폴트 | F119: =LARGE(H119:K119,1) -> 0 | G119: =LARGE(H119:K119,2) -> 0 | H119: =IFERROR(INDEX('2025학년도 변표'!$C$5:$FF$75,MATCH(H$116,'2025학년도 변표'!$B$5:$B$75,0),MATCH(L119,'2025학년도 변표'!$C$4:$FF$4,0)),0) -> 0 | I119: =IFERROR(INDEX('2025학년도 변표'!$C$5:$FF$75,MATCH(I$116,'2025학년도 변표'!$B$5:$B$75,0),MATCH(L119,'2025학년도 변표'!$C$4:$FF$4,0)),0) -> 0 | J119: =IFERROR(INDEX('2025학년도 변표'!$C$5:$FF$75,MATCH(J$116,'2025학년도 변표'!$B$5:$B$75,0),MATCH(M119,'2025학년도 변표'!$C$4:$FF$4,0)),0) -> 0 | K119: =IFERROR(INDEX('2025학년도 변표'!$C$5:$FF$75,MATCH(K$116,'2025학년도 변표'!$B$5:$B$75,0),MATCH(M119,'2025학년도 변표'!$C$4:$FF$4,0)),0) -> 0 | L119: =CONCATENATE(B119,$H$117) -> 1과 | M119: =CONCATENATE(B119,$J$117) -> 1사
B120: 2 | C120: =INDEX('2025학년도 변표'!$C$5:$FF$5,MATCH(L120,'2025학년도 변표'!$C$4:$FF$4,0)) -> 71.75 | D120: =INDEX('2025학년도 변표'!$C$5:$FF$5,MATCH(M120,'2025학년도 변표'!$C$4:$FF$4,0)) -> 67.22 | F120: =LARGE(H120:K120,1) -> 0 | G120: =LARGE(H120:K120,2) -> 0 | H120: =IFERROR(INDEX('2025학년도 변표'!$C$5:$FF$75,MATCH(H$116,'2025학년도 변표'!$B$5:$B$75,0),MATCH(L120,'2025학년도 변표'!$C$4:$FF$4,0)),0) -> 0 | I120: =IFERROR(INDEX('2025학년도 변표'!$C$5:$FF$75,MATCH(I$116,'2025학년도 변표'!$B$5:$B$75,0),MATCH(L120,'2025학년도 변표'!$C$4:$FF$4,0)),0) -> 0 | J120: =IFERROR(INDEX('2025학년도 변표'!$C$5:$FF$75,MATCH(J$116,'2025학년도 변표'!$B$5:$B$75,0),MATCH(M120,'2025학년도 변표'!$C$4:$FF$4,0)),0) -> 0 | K120: =IFERROR(INDEX('2025학년도 변표'!$C$5:$FF$75,MATCH(K$116,'2025학년도 변표'!$B$5:$B$75,0),MATCH(M120,'2025학년도 변표'!$C$4:$FF$4,0)),0) -> 0 | L120: =CONCATENATE(B120,$H$117) -> 2과 | M120: =CONCATENATE(B120,$J$117) -> 2사
B121: 3 | C121: =INDEX('2025학년도 변표'!$C$5:$FF$5,MATCH(L121,'2025학년도 변표'!$C$4:$FF$4,0)) -> 71 | D121: =INDEX('2025학년도 변표'!$C$5:$FF$5,MATCH(M121,'2025학년도 변표'!$C$4:$FF$4,0)) -> 71 | F121: =LARGE(H121:K121,1) -> 0 | G121: =LARGE(H121:K121,2) -> 0 | H121: =IFERROR(INDEX('2025학년도 변표'!$C$5:$FF$75,MATCH(H$116,'2025학년도 변표'!$B$5:$B$75,0),MATCH(L121,'2025학년도 변표'!$C$4:$FF$4,0)),0) -> 0 | I121: =IFERROR(INDEX('2025학년도 변표'!$C$5:$FF$75,MATCH(I$116,'2025학년도 변표'!$B$5:$B$75,0),MATCH(L121,'2025학년도 변표'!$C$4:$FF$4,0)),0) -> 0 | J121: =IFERROR(INDEX('2025학년도 변표'!$C$5:$FF$75,MATCH(J$116,'2025학년도 변표'!$B$5:$B$75,0),MATCH(M121,'2025학년도 변표'!$C$4:$FF$4,0)),0) -> 0 | K121: =IFERROR(INDEX('2025학년도 변표'!$C$5:$FF$75,MATCH(K$116,'2025학년도 변표'!$B$5:$B$75,0),MATCH(M121,'2025학년도 변표'!$C$4:$FF$4,0)),0) -> 0 | L121: =CONCATENATE(B121,$H$117) -> 3과 | M121: =CONCATENATE(B121,$J$117) -> 3사
B122: 4 | C122: =INDEX('2025학년도 변표'!$C$5:$FF$5,MATCH(L122,'2025학년도 변표'!$C$4:$FF$4,0)) -> 68.07 | D122: =INDEX('2025학년도 변표'!$C$5:$FF$5,MATCH(M122,'2025학년도 변표'!$C$4:$FF$4,0)) -> 68.07 | F122: =LARGE(H122:K122,1) -> 0 | G122: =LARGE(H122:K122,2) -> 0 | H122: =IFERROR(INDEX('2025학년도 변표'!$C$5:$FF$75,MATCH(H$116,'2025학년도 변표'!$B$5:$B$75,0),MATCH(L122,'2025학년도 변표'!$C$4:$FF$4,0)),0) -> 0 | I122: =IFERROR(INDEX('2025학년도 변표'!$C$5:$FF$75,MATCH(I$116,'2025학년도 변표'!$B$5:$B$75,0),MATCH(L122,'2025학년도 변표'!$C$4:$FF$4,0)),0) -> 0 | J122: =IFERROR(INDEX('2025학년도 변표'!$C$5:$FF$75,MATCH(J$116,'2025학년도 변표'!$B$5:$B$75,0),MATCH(M122,'2025학년도 변표'!$C$4:$FF$4,0)),0) -> 0 | K122: =IFERROR(INDEX('2025학년도 변표'!$C$5:$FF$75,MATCH(K$116,'2025학년도 변표'!$B$5:$B$75,0),MATCH(M122,'2025학년도 변표'!$C$4:$FF$4,0)),0) -> 0 | L122: =CONCATENATE(B122,$H$117) -> 4과 | M122: =CONCATENATE(B122,$J$117) -> 4사
B123: 5 | C123: =INDEX('2025학년도 변표'!$C$5:$FF$5,MATCH(L123,'2025학년도 변표'!$C$4:$FF$4,0)) -> 71.75 | D123: =INDEX('2025학년도 변표'!$C$5:$FF$5,MATCH(M123,'2025학년도 변표'!$C$4:$FF$4,0)) -> 67.22 | F123: =LARGE(H123:K123,1) -> 0 | G123: =LARGE(H123:K123,2) -> 0 | H123: =IFERROR(INDEX('2025학년도 변표'!$C$5:$FF$75,MATCH(H$116,'2025학년도 변표'!$B$5:$B$75,0),MATCH(L123,'2025학년도 변표'!$C$4:$FF$4,0)),0) -> 0 | I123: =IFERROR(INDEX('2025학년도 변표'!$C$5:$FF$75,MATCH(I$116,'2025학년도 변표'!$B$5:$B$75,0),MATCH(L123,'2025학년도 변표'!$C$4:$FF$4,0)),0) -> 0 | J123: =IFERROR(INDEX('2025학년도 변표'!$C$5:$FF$75,MATCH(J$116,'2025학년도 변표'!$B$5:$B$75,0),MATCH(M123,'2025학년도 변표'!$C$4:$FF$4,0)),0) -> 0 | K123: =IFERROR(INDEX('2025학년도 변표'!$C$5:$FF$75,MATCH(K$116,'2025학년도 변표'!$B$5:$B$75,0),MATCH(M123,'2025학년도 변표'!$C$4:$FF$4,0)),0) -> 0 | L123: =CONCATENATE(B123,$H$117) -> 5과 | M123: =CONCATENATE(B123,$J$117) -> 5사
B124: 6 | C124: =INDEX('2025학년도 변표'!$C$5:$FF$5,MATCH(L124,'2025학년도 변표'!$C$4:$FF$4,0)) -> 70.75 | D124: =INDEX('2025학년도 변표'!$C$5:$FF$5,MATCH(M124,'2025학년도 변표'!$C$4:$FF$4,0)) -> 69.22 | F124: =LARGE(H124:K124,1) -> 0 | G124: =LARGE(H124:K124,2) -> 0 | H124: =IFERROR(INDEX('2025학년도 변표'!$C$5:$FF$75,MATCH(H$116,'2025학년도 변표'!$B$5:$B$75,0),MATCH(L124,'2025학년도 변표'!$C$4:$FF$4,0)),0) -> 0 | I124: =IFERROR(INDEX('2025학년도 변표'!$C$5:$FF$75,MATCH(I$116,'2025학년도 변표'!$B$5:$B$75,0),MATCH(L124,'2025학년도 변표'!$C$4:$FF$4,0)),0) -> 0 | J124: =IFERROR(INDEX('2025학년도 변표'!$C$5:$FF$75,MATCH(J$116,'2025학년도 변표'!$B$5:$B$75,0),MATCH(M124,'2025학년도 변표'!$C$4:$FF$4,0)),0) -> 0 | K124: =IFERROR(INDEX('2025학년도 변표'!$C$5:$FF$75,MATCH(K$116,'2025학년도 변표'!$B$5:$B$75,0),MATCH(M124,'2025학년도 변표'!$C$4:$FF$4,0)),0) -> 0 | L124: =CONCATENATE(B124,$H$117) -> 6과 | M124: =CONCATENATE(B124,$J$117) -> 6사
B125: 7 | C125: =INDEX('2025학년도 변표'!$C$5:$FF$5,MATCH(L125,'2025학년도 변표'!$C$4:$FF$4,0)) -> 68.85 | D125: =INDEX('2025학년도 변표'!$C$5:$FF$5,MATCH(M125,'2025학년도 변표'!$C$4:$FF$4,0)) -> 68.85 | F125: =LARGE(H125:K125,1) -> 0 | G125: =LARGE(H125:K125,2) -> 0 | H125: =IFERROR(INDEX('2025학년도 변표'!$C$5:$FF$75,MATCH(H$116,'2025학년도 변표'!$B$5:$B$75,0),MATCH(L125,'2025학년도 변표'!$C$4:$FF$4,0)),0) -> 0 | I125: =IFERROR(INDEX('2025학년도 변표'!$C$5:$FF$75,MATCH(I$116,'2025학년도 변표'!$B$5:$B$75,0),MATCH(L125,'2025학년도 변표'!$C$4:$FF$4,0)),0) -> 0 | J125: =IFERROR(INDEX('2025학년도 변표'!$C$5:$FF$75,MATCH(J$116,'2025학년도 변표'!$B$5:$B$75,0),MATCH(M125,'2025학년도 변표'!$C$4:$FF$4,0)),0) -> 0 | K125: =IFERROR(INDEX('2025학년도 변표'!$C$5:$FF$75,MATCH(K$116,'2025학년도 변표'!$B$5:$B$75,0),MATCH(M125,'2025학년도 변표'!$C$4:$FF$4,0)),0) -> 0 | L125: =CONCATENATE(B125,$H$117) -> 7과 | M125: =CONCATENATE(B125,$J$117) -> 7사
B126: 8 | C126: =INDEX('2025학년도 변표'!$C$5:$FF$5,MATCH(L126,'2025학년도 변표'!$C$4:$FF$4,0)) -> 68.03 | D126: =INDEX('2025학년도 변표'!$C$5:$FF$5,MATCH(M126,'2025학년도 변표'!$C$4:$FF$4,0)) -> 68.03 | F126: =LARGE(H126:K126,1) -> 0 | G126: =LARGE(H126:K126,2) -> 0 | H126: =IFERROR(INDEX('2025학년도 변표'!$C$5:$FF$75,MATCH(H$116,'2025학년도 변표'!$B$5:$B$75,0),MATCH(L126,'2025학년도 변표'!$C$4:$FF$4,0)),0) -> 0 | I126: =IFERROR(INDEX('2025학년도 변표'!$C$5:$FF$75,MATCH(I$116,'2025학년도 변표'!$B$5:$B$75,0),MATCH(L126,'2025학년도 변표'!$C$4:$FF$4,0)),0) -> 0 | J126: =IFERROR(INDEX('2025학년도 변표'!$C$5:$FF$75,MATCH(J$116,'2025학년도 변표'!$B$5:$B$75,0),MATCH(M126,'2025학년도 변표'!$C$4:$FF$4,0)),0) -> 0 | K126: =IFERROR(INDEX('2025학년도 변표'!$C$5:$FF$75,MATCH(K$116,'2025학년도 변표'!$B$5:$B$75,0),MATCH(M126,'2025학년도 변표'!$C$4:$FF$4,0)),0) -> 0 | L126: =CONCATENATE(B126,$H$117) -> 8과 | M126: =CONCATENATE(B126,$J$117) -> 8사
B127: 9 | C127: =INDEX('2025학년도 변표'!$C$5:$FF$5,MATCH(L127,'2025학년도 변표'!$C$4:$FF$4,0)) -> 71.75 | D127: =INDEX('2025학년도 변표'!$C$5:$FF$5,MATCH(M127,'2025학년도 변표'!$C$4:$FF$4,0)) -> 71.75 | F127: =LARGE(H127:K127,1) -> 0 | G127: =LARGE(H127:K127,2) -> 0 | H127: =IFERROR(INDEX('2025학년도 변표'!$C$5:$FF$75,MATCH(H$116,'2025학년도 변표'!$B$5:$B$75,0),MATCH(L127,'2025학년도 변표'!$C$4:$FF$4,0)),0) -> 0 | I127: =IFERROR(INDEX('2025학년도 변표'!$C$5:$FF$75,MATCH(I$116,'2025학년도 변표'!$B$5:$B$75,0),MATCH(L127,'2025학년도 변표'!$C$4:$FF$4,0)),0) -> 0 | J127: =IFERROR(INDEX('2025학년도 변표'!$C$5:$FF$75,MATCH(J$116,'2025학년도 변표'!$B$5:$B$75,0),MATCH(M127,'2025학년도 변표'!$C$4:$FF$4,0)),0) -> 0 | K127: =IFERROR(INDEX('2025학년도 변표'!$C$5:$FF$75,MATCH(K$116,'2025학년도 변표'!$B$5:$B$75,0),MATCH(M127,'2025학년도 변표'!$C$4:$FF$4,0)),0) -> 0 | L127: =CONCATENATE(B127,$H$117) -> 9과 | M127: =CONCATENATE(B127,$J$117) -> 9사
B128: 10 | C128: =INDEX('2025학년도 변표'!$C$5:$FF$5,MATCH(L128,'2025학년도 변표'!$C$4:$FF$4,0)) -> 70.86 | D128: =INDEX('2025학년도 변표'!$C$5:$FF$5,MATCH(M128,'2025학년도 변표'!$C$4:$FF$4,0)) -> 70.86 | F128: =LARGE(H128:K128,1) -> 0 | G128: =LARGE(H128:K128,2) -> 0 | H128: =IFERROR(INDEX('2025학년도 변표'!$C$5:$FF$75,MATCH(H$116,'2025학년도 변표'!$B$5:$B$75,0),MATCH(L128,'2025학년도 변표'!$C$4:$FF$4,0)),0) -> 0 | I128: =IFERROR(INDEX('2025학년도 변표'!$C$5:$FF$75,MATCH(I$116,'2025학년도 변표'!$B$5:$B$75,0),MATCH(L128,'2025학년도 변표'!$C$4:$FF$4,0)),0) -> 0 | J128: =IFERROR(INDEX('2025학년도 변표'!$C$5:$FF$75,MATCH(J$116,'2025학년도 변표'!$B$5:$B$75,0),MATCH(M128,'2025학년도 변표'!$C$4:$FF$4,0)),0) -> 0 | K128: =IFERROR(INDEX('2025학년도 변표'!$C$5:$FF$75,MATCH(K$116,'2025학년도 변표'!$B$5:$B$75,0),MATCH(M128,'2025학년도 변표'!$C$4:$FF$4,0)),0) -> 0 | L128: =CONCATENATE(B128,$H$117) -> 10과 | M128: =CONCATENATE(B128,$J$117) -> 10사
B129: 11 | C129: =INDEX('2025학년도 변표'!$C$5:$FF$5,MATCH(L129,'2025학년도 변표'!$C$4:$FF$4,0)) -> 71.5 | D129: =INDEX('2025학년도 변표'!$C$5:$FF$5,MATCH(M129,'2025학년도 변표'!$C$4:$FF$4,0)) -> 71.5 | F129: =LARGE(H129:K129,1) -> 0 | G129: =LARGE(H129:K129,2) -> 0 | H129: =IFERROR(INDEX('2025학년도 변표'!$C$5:$FF$75,MATCH(H$116,'2025학년도 변표'!$B$5:$B$75,0),MATCH(L129,'2025학년도 변표'!$C$4:$FF$4,0)),0) -> 0 | I129: =IFERROR(INDEX('2025학년도 변표'!$C$5:$FF$75,MATCH(I$116,'2025학년도 변표'!$B$5:$B$75,0),MATCH(L129,'2025학년도 변표'!$C$4:$FF$4,0)),0) -> 0 | J129: =IFERROR(INDEX('2025학년도 변표'!$C$5:$FF$75,MATCH(J$116,'2025학년도 변표'!$B$5:$B$75,0),MATCH(M129,'2025학년도 변표'!$C$4:$FF$4,0)),0) -> 0 | K129: =IFERROR(INDEX('2025학년도 변표'!$C$5:$FF$75,MATCH(K$116,'2025학년도 변표'!$B$5:$B$75,0),MATCH(M129,'2025학년도 변표'!$C$4:$FF$4,0)),0) -> 0 | L129: =CONCATENATE(B129,$H$117) -> 11과 | M129: =CONCATENATE(B129,$J$117) -> 11사
B130: 12 | C130: =INDEX('2025학년도 변표'!$C$5:$FF$5,MATCH(L130,'2025학년도 변표'!$C$4:$FF$4,0)) -> 70.7 | D130: =INDEX('2025학년도 변표'!$C$5:$FF$5,MATCH(M130,'2025학년도 변표'!$C$4:$FF$4,0)) -> 70.7 | F130: =LARGE(H130:K130,1) -> 0 | G130: =LARGE(H130:K130,2) -> 0 | H130: =IFERROR(INDEX('2025학년도 변표'!$C$5:$FF$75,MATCH(H$116,'2025학년도 변표'!$B$5:$B$75,0),MATCH(L130,'2025학년도 변표'!$C$4:$FF$4,0)),0) -> 0 | I130: =IFERROR(INDEX('2025학년도 변표'!$C$5:$FF$75,MATCH(I$116,'2025학년도 변표'!$B$5:$B$75,0),MATCH(L130,'2025학년도 변표'!$C$4:$FF$4,0)),0) -> 0 | J130: =IFERROR(INDEX('2025학년도 변표'!$C$5:$FF$75,MATCH(J$116,'2025학년도 변표'!$B$5:$B$75,0),MATCH(M130,'2025학년도 변표'!$C$4:$FF$4,0)),0) -> 0 | K130: =IFERROR(INDEX('2025학년도 변표'!$C$5:$FF$75,MATCH(K$116,'2025학년도 변표'!$B$5:$B$75,0),MATCH(M130,'2025학년도 변표'!$C$4:$FF$4,0)),0) -> 0 | L130: =CONCATENATE(B130,$H$117) -> 12과 | M130: =CONCATENATE(B130,$J$117) -> 12사
B131: 13 | C131: =INDEX('2025학년도 변표'!$C$5:$FF$5,MATCH(L131,'2025학년도 변표'!$C$4:$FF$4,0)) -> 69.35 | D131: =INDEX('2025학년도 변표'!$C$5:$FF$5,MATCH(M131,'2025학년도 변표'!$C$4:$FF$4,0)) -> 69.35 | F131: =LARGE(H131:K131,1) -> 0 | G131: =LARGE(H131:K131,2) -> 0 | H131: =IFERROR(INDEX('2025학년도 변표'!$C$5:$FF$75,MATCH(H$116,'2025학년도 변표'!$B$5:$B$75,0),MATCH(L131,'2025학년도 변표'!$C$4:$FF$4,0)),0) -> 0 | I131: =IFERROR(INDEX('2025학년도 변표'!$C$5:$FF$75,MATCH(I$116,'2025학년도 변표'!$B$5:$B$75,0),MATCH(L131,'2025학년도 변표'!$C$4:$FF$4,0)),0) -> 0 | J131: =IFERROR(INDEX('2025학년도 변표'!$C$5:$FF$75,MATCH(J$116,'2025학년도 변표'!$B$5:$B$75,0),MATCH(M131,'2025학년도 변표'!$C$4:$FF$4,0)),0) -> 0 | K131: =IFERROR(INDEX('2025학년도 변표'!$C$5:$FF$75,MATCH(K$116,'2025학년도 변표'!$B$5:$B$75,0),MATCH(M131,'2025학년도 변표'!$C$4:$FF$4,0)),0) -> 0 | L131: =CONCATENATE(B131,$H$117) -> 13과 | M131: =CONCATENATE(B131,$J$117) -> 13사
... B198: 80 | C198: =INDEX('2025학년도 변표'!$C$5:$FF$5,MATCH(L198,'2025학년도 변표'!$C$4:$FF$4,0)) -> #N/A | D198: =INDEX('2025학년도 변표'!$C$5:$FF$5,MATCH(M198,'2025학년도 변표'!$C$4:$FF$4,0)) -> #N/A | F198: =LARGE(H198:K198,1) -> 0 | G198: =LARGE(H198:K198,2) -> 0 | H198: =IFERROR(INDEX('2025학년도 변표'!$C$5:$FF$75,MATCH(H$116,'2025학년도 변표'!$B$5:$B$75,0),MATCH(L198,'2025학년도 변표'!$C$4:$FF$4,0)),0) -> 0 | I198: =IFERROR(INDEX('2025학년도 변표'!$C$5:$FF$75,MATCH(I$116,'2025학년도 변표'!$B$5:$B$75,0),MATCH(L198,'2025학년도 변표'!$C$4:$FF$4,0)),0) -> 0 | J198: =IFERROR(INDEX('2025학년도 변표'!$C$5:$FF$75,MATCH(J$116,'2025학년도 변표'!$B$5:$B$75,0),MATCH(M198,'2025학년도 변표'!$C$4:$FF$4,0)),0) -> 0 | K198: =IFERROR(INDEX('2025학년도 변표'!$C$5:$FF$75,MATCH(K$116,'2025학년도 변표'!$B$5:$B$75,0),MATCH(M198,'2025학년도 변표'!$C$4:$FF$4,0)),0) -> 0 | L198: =CONCATENATE(B198,$H$117) -> 80과 | M198: =CONCATENATE(B198,$J$117) -> 80사

Sheet 배치점수 계산기
E4: 1
D5: =IF(E4=1,"표준점수 기준",IF(E4=9,"원점수 기준")) -> 표준점수 기준
A7: 나 | B7: 다 | L7: 보↓ | T7: *삭제가능열 | RJ7: .
H8: 표준점수 기준 산출점수 | L8: OFF
A9: 901 | B9: 1822 | C9: 2164 | G9: 통합탐구, | H9: 인원비 적용통합수능, 영어등급기준 25수능 | L9: 2024학년도 예상변표 | M9: 반영방법
A10: 연번 | B10: 학과연번 | C10: 모집군 | D10: 대학 | E10: 학과 | F10: 계열 | G10: 영어기준 | H10: 합격확률90% | I10: 합격확률 70% | J10: 합격확률 40% | K10: 합격확률 10% | L10: 합격확률 3% | M10: 국.수 | N10: 탐구
A11: 5 | B11: 58 | C11: 가 | D11: 연세대 | E11: 반도체 | F11: 자연 | G11: 1 | H11: 711.155 | I11: 710.747 | J11: 709.964 | K11: 705.794 | L11: 701.412 | M11: 표점 | N11: 변표 | O11: 가1 | T11: =INDEX(환산공식!$C$16:$C$301,MATCH('배치점수 계산기'!A11,환산공식!$A$16:$A$301,0)) -> 연세대 자연 | U11: =A11 -> 5 | V11: =IF(OR(D11=0,D11=""),"",IF(LEFT(D11,1)=LEFT(T11,1),1,2)) -> 1 | W11: =IFERROR(INDEX(환산공식!S$16:S$300,MATCH($A11,환산공식!$A$16:$A$300,0)),"") -> 1.1111111 | X11: =IFERROR(INDEX(환산공식!T$16:T$300,MATCH($A11,환산공식!$A$16:$A$300,0)),"") -> 1.6666667 | Y11: =IFERROR(INDEX(환산공식!W$16:W$300,MATCH($A11,환산공식!$A$16:$A$300,0)),"") -> 1.6666667 | Z11: =W11/($W11+$X11+$Y11) -> 0.25 | AA11: =X11/($W11+$X11+$Y11) -> 0.375 | AB11: =Y11/($W11+$X11+$Y11) -> 0.375 | AC11: =INDEX(환산공식!$AH$16:$AH$301,MATCH('배치점수 계산기'!U11,환산공식!$A$16:$A$301,0)) -> 1 | AD11: =INDEX(환산공식!$AR$16:$AR$301,MATCH('배치점수 계산기'!U11,환산공식!$A$16:$A$301,0)) -> 4 | AE11: =IF(AC11=1,"표점",IF(AC11=12,"표점/만점",IF(AC11=2,"백분위"))) -> 표점 | AF11: =IF(AD11=1,"표점",IF(AD11=12,"표점/만점",IF(AD11=2,"백분위",IF(AD11=4,"변표",IF(AD11=42,"변표/만점"))))) -> 변표
A12: 5 | B12: 57 | C12: 가 | D12: 연세대 | E12: 전기전자 | F12: 자연 | G12: 1 | H12: 710.339 | I12: 709.964 | J12: 707.723 | K12: 706.369 | L12: 702.252 | M12: 표점 | N12: 변표 | O12: 가2
A13: 5 | B13: 63 | C13: 가 | D13: 연세대 | E13: 신소재 | F13: 자연 | G13: 1 | H13: 709.853 | I13: 709.029 | J13: 707.723 | K13: 706.147 | L13: 703.714 | M13: 표점 | N13: 변표 | O13: 가3
A14: 5 | B14: 65 | C14: 가 | D14: 연세대 | E14: 화생공 | F14: 자연 | G14: 1 | H14: 709.853 | I14: 709.029 | J14: 707.723 | K14: 704.564 | L14: 698.604 | M14: 표점 | N14: 변표 | O14: 가4
A15: 5 | B15: 59 | C15: 가 | D15: 연세대 | E15: 인공지능 | F15: 자연 | G15: 1 | H15: 709.853 | I15: 708.436 | J15: 706.962 | K15: 704.026 | L15: 698.493 | M15: 표점 | N15: 변표 | O15: 가5
A16: 5 | B16: 62 | C16: 가 | D16: 연세대 | E16: 기계 | F16: 자연 | G16: 1 | H16: 709.37 | I16: 708.436 | J16: 706.962 | K16: 705.572 | L16: 703.714 | M16: 표점 | N16: 변표 | O16: 가6
A17: 5 | B17: 71 | C17: 가 | D17: 연세대 | E17: 화학 | F17: 자연 | G17: 1 | H17: 708.918 | I17: 707.723 | J17: 706.147 | K17: 704.564 | L17: 703.231 | M17: 표점 | N17: 변표 | O17: 가7
A18: 5 | B18: 56 | C18: 가 | D18: 연세대 | E18: 컴퓨터 | F18: 자연 | G18: 1 | H18: 710.339 | I18: 709.37 | J18: 705.794 | K18: 703.231 | L18: 702.252 | M18: 표점 | N18: 변표 | O18: 가8
A19: 5 | B19: 69 | C19: 가 | D19: 연세대 | E19: 수학 | F19: 자연 | G19: 1 | H19: 708.918 | I19: 707.723 | J19: 705.794 | K19: 704.675 | L19: 703.231 | M19: 표점 | N19: 변표 | O19: 가9
A20: 5 | B20: 81 | C20: 가 | D20: 연세대 | E20: 생명공학 | F20: 자연 | G20: 1 | H20: 708.308 | I20: 707.406 | J20: 705.794 | K20: 702.252 | L20: 697.597 | M20: 표점 | N20: 변표 | O20: 가10
A21: 5 | B21: 64 | C21: 가 | D21: 연세대 | E21: 산업 | F21: 자연 | G21: 1 | H21: 708.308 | I21: 706.962 | J21: 705.271 | K21: 702.568 | L21: 698.604 | M21: 표점 | N21: 변표 | O21: 가11
A22: 5 | B22: 66 | C22: 가 | D22: 연세대 | E22: 생화학 | F22: 자연 | G22: 1 | H22: 708.918 | I22: 706.962 | J22: 705.271 | K22: 704.026 | L22: 701.523 | M22: 표점 | N22: 변표 | O22: 가12
A23: 5 | B23: 60 | C23: 가 | D23: 연세대 | E23: 디스플레이 | F23: 자연 | G23: 1 | H23: 707.723 | I23: 706.369 | J23: 704.937 | K23: 704.026 | L23: 698.493 | M23: 표점 | N23: 변표 | O23: 가13
... A633: 192 | B633: 1514 | C633: 가 | D633: 경북대 | E633: 아동 | F633: 자연 | G633: 2 | H633: 637.294 | I633: 635.278 | J633: 631.188 | K633: 627.228 | L633: 622.475 | M633: 표점 | N633: 변표 | O633: 가623
A634: 195 | B634: 1515 | C634: 가 | D634: 경북대 | E634: 식물자원 | F634: 자연 | G634: 2 | H634: #VALUE! | I634: #VALUE! | J634: #VALUE! | K634: #VALUE! | L634: #VALUE! | M634: 표점 | N634: 변표 | O634: 1
A635: 195 | B635: 1516 | C635: 가 | D635: 경북대 | E635: 산림생태 | F635: 자연 | G635: 2 | H635: #VALUE! | I635: #VALUE! | J635: #VALUE! | K635: #VALUE! | L635: #VALUE! | M635: 표점 | N635: 변표 | O635: 1
A636: 195 | B636: 1519 | C636: 가 | D636: 경북대 | E636: 동물생명공 | F636: 자연 | G636: 2 | H636: #VALUE! | I636: #VALUE! | J636: #VALUE! | K636: #VALUE! | L636: #VALUE! | M636: 표점 | N636: 변표 | O636: 1
A637: 195 | B637: 1521 | C637: 가 | D637: 경북대 | E637: 건설방재공 | F637: 자연 | G637: 2 | H637: #VALUE! | I637: #VALUE! | J637: #VALUE! | K637: #VALUE! | L637: #VALUE! | M637: 표점 | N637: 변표 | O637: 1
A638: 195 | B638: 1522 | C638: 가 | D638: 경북대 | E638: 환경안전공 | F638: 자연 | G638: 2 | H638: #VALUE! | I638: #VALUE! | J638: #VALUE! | K638: #VALUE! | L638: #VALUE! | M638: 표점 | N638: 변표 | O638: 1
A639: 195 | B639: 1523 | C639: 가 | D639: 경북대 | E639: 정밀기계공 | F639: 자연 | G639: 2 | H639: #VALUE! | I639: #VALUE! | J639: #VALUE! | K639: #VALUE! | L639: #VALUE! | M639: 표점 | N639: 변표 | O639: 1
A640: 195 | B640: 1525 | C640: 가 | D640: 경북대 | E640: 소프트웨어 | F640: 자연 | G640: 2 | H640: #VALUE! | I640: #VALUE! | J640: #VALUE! | K640: #VALUE! | L640: #VALUE! | M640: 표점 | N640: 변표 | O640: 1
A641: 195 | B641: 1528 | C641: 가 | D641: 경북대 | E641: 식품외식산업 | F641: 자연 | G641: 2 | H641: #VALUE! | I641: #VALUE! | J641: #VALUE! | K641: #VALUE! | L641: #VALUE! | M641: 표점 | N641: 변표 | O641: 1
A642: 195 | B642: 1529 | C642: 가 | D642: 경북대 | E642: 섬유공 | F642: 자연 | G642: 2 | H642: #VALUE! | I642: #VALUE! | J642: #VALUE! | K642: #VALUE! | L642: #VALUE! | M642: 표점 | N642: 변표 | O642: 1
A643: 195 | B643: 1532 | C643: 가 | D643: 경북대 | E643: 치위생 | F643: 자연 | G643: 2 | H643: #VALUE! | I643: #VALUE! | J643: #VALUE! | K643: #VALUE! | L643: #VALUE! | M643: 표점 | N643: 변표 | O643: 1
A644: 191 | B644: 1544 | C644: 가 | D644: 경북대 | E644: 행정학인문 | F644: 통합 | G644: 2 | H644: 666.345 | I644: 664.873 | J644: 661.71 | K644: 658.505 | L644: 653.718 | M644: 표점 | N644: 변표 | O644: 가624
A645: 191 | B645: 1550 | C645: 가 | D645: 경북대 | E645: 영어교 | F645: 통합 | G645: 2 | H645: 665.562 | I645: 664.249 | J645: 661.48 | K645: 657.715 | L645: 652.801 | M645: 표점 | N645: 변표 | O645: 가625
A646: 191 | B646: 1571 | C646: 가 | D646: 경북대 | E646: 일반사회교 | F646: 통합 | G646: 2 | H646: 665.562 | I646: 664.249 | J646: 661.48 | K646: 657.715 | L646: 652.801 | M646: 표점 | N646: 변표 | O646: 가626
A647: 191 | B647: 1545 | C647: 가 | D647: 경북대 | E647: 경영 | F647: 통합 | G647: 2 | H647: 664.374 | I647: 663.395 | J647: 660.495 | K647: 657.317 | L647: 653.532 | M647: 표점 | N647: 변표 | O647: 가627
A648: 191 | B648: 1543 | C648: 가 | D648: 경북대 | E648: 윤리교 | F648: 통합 | G648: 2 | H648: 663.583 | I648: 662.176 | J648: 659.506 | K648: 655.84 | L648: 650.823 | M648: 표점 | N648: 변표 | O648: 가628
A649: 191 | B649: 1575 | C649: 가 | D649: 경북대 | E649: 사회과학대학 자율 | F649: 통합 | G649: 2 | H649: 663.165 | I649: 661 | J649: 658.048 | K649: 654.875 | L649: 650.049 | M649: 표점 | N649: 변표 | O649: 가629
A650: 191 | B650: 1548 | C650: 가 | D650: 경북대 | E650: 심리 | F650: 통합 | G650: 2 | H650: 660.495 | I650: 658.212 | J650: 655.02 | K650: 651.24 | L650: 646.11 | M650: 표점 | N650: 변표 | O650: 가630
A651: 191 | B651: 1557 | C651: 가 | D651: 경북대 | E651: 사회 | F651: 통합 | G651: 2 | H651: 654.875 | I651: 652.801 | J651: 649.401 | K651: 645.63 | L651: 641.283 | M651: 표점 | N651: 변표 | O651: 가631
A652: 191 | B652: 1558 | C652: 가 | D652: 경북대 | E652: 국어국문 | F652: 통합 | G652: 2 | H652: 654.583 | I652: 652.696 | J652: 649.401 | K652: 645.536 | L652: 640.788 | M652: 표점 | N652: 변표 | O652: 가632
A653: 191 | B653: 1559 | C653: 가 | D653: 경북대 | E653: 사학 | F653: 통합 | G653: 2 | H653: 653.344 | I653: 651.053 | J653: 647.375 | K653: 644.243 | L653: 639.622 | M653: 표점 | N653: 변표 | O653: 가633
A654: 191 | B654: 1560 | C654: 가 | D654: 경북대 | E654: 불어불문 | F654: 통합 | G654: 2 | H654: 653.239 | I654: 650.948 | J654: 647.082 | K654: 644.137 | L654: 639.48 | M654: 표점 | N654: 변표 | O654: 가634
A655: 191 | B655: 1570 | C655: 가 | D655: 경북대 | E655: 독어교 | F655: 통합 | G655: 2 | H655: 653.239 | I655: 650.948 | J655: 647.082 | K655: 644.137 | L655: 639.48 | M655: 표점 | N655: 변표 | O655: 가635
... A897: 189 | B897: 2097 | C897: 가 | D897: 경상대 | E897: 약학(지역) | F897: 자연 | G897: 2 | H897: 960.361 | I897: 959.06 | J897: 958.183 | K897: 955.844 | L897: 950.996 | M897: 표점/만점 | N897: 표점/만점 | O897: 가877
A898: 161 | B898: 2101 | C898: 가 | D898: 목포대 | E898: 약학 | F898: 자연 | G898: 2 | H898: #VALUE! | I898: #VALUE! | J898: #VALUE! | K898: #VALUE! | L898: #VALUE! | M898: 백분위 | N898: 백분위 | O898: 1
A899: 32 | B899: 2104 | C899: 가 | D899: 경희대 | E899: 한의예(통합) | F899: 통합 | G899: 2 | H899: 585.524 | I899: 583.756 | J899: 583.24 | K899: 581.732 | L899: 580.114 | M899: 표점 | N899: 변표 | O899: 가878
A900: 138 | B900: 2105 | C900: 가 | D900: 가천대 | E900: 한의예(통합) | F900: 통합 | G900: 2 | H900: 96.956 | I900: 96.786 | J900: 96.532 | K900: 96.414 | L900: 96.037 | M900: 백분위 | N900: 백분위 | O900: 가879
A901: 147 | B901: 2108 | C901: 가 | D901: 대전대 | E901: 한의예(통합) | F901: 통합 | G901: 5 | H901: 986.72 | I901: 984.554 | J901: 981.942 | K901: 980.161 | L901: 976.325 | M901: 백분위 | N901: 백분위 | O901: 가880
A902: 147 | B902: 2109 | C902: 가 | D902: 대전대 | E902: 한의예(지역) | F902: 통합 | G902: 6 | H902: 984.054 | I902: 981.942 | J902: 980.536 | K902: 973.818 | L902: 961.03 | M902: 백분위 | N902: 백분위 | O902: 가881
A903: 157 | B903: 2113 | C903: 가 | D903: 동신대 | E903: 한의예 | F903: 자연 | G903: 10 | H903: 993.033 | I903: 991.128 | J903: 987.525 | K903: 984.073 | L903: 975.948 | M903: 백분위 | N903: 백분위 | O903: 가882
A904: 197 | B904: 2116 | C904: 가 | D904: 부산대 | E904: 한의학(학.석사) | F904: 자연 | G904: 13 | H904: 739.577 | I904: 739.17 | J904: 738.347 | K904: 736.1 | L904: 734.373 | M904: 표점 | N904: 표점 | O904: 가883
A905: 46 | B905: 2124 | C905: 가 | D905: 건국대 | E905: 수의예 | F905: 통합 | G905: 21 | H905: 698.908 | I905: 697.941 | J905: 695.858 | K905: 694.882 | L905: 693.58 | M905: 표점 | N905: 변표 | O905: 가884
A906: 185 | B906: 2125 | C906: 가 | D906: 강원대 | E906: 수의예 | F906: 자연 | G906: 22 | H906: 502.783 | I906: 501.65 | J906: 500.742 | K906: 499.522 | L906: 498.007 | M906: 백분위 | N906: 백분위 | O906: 가885
A907: 190 | B907: 2127 | C907: 가 | D907: 경상대 | E907: 수의예 | F907: 자연 | G907: 24 | H907: 962.228 | I907: 960.361 | J907: 959.06 | K907: 957.815 | L907: 953.242 | M907: 표점/만점 | N907: 표점/만점 | O907: 가886
A908: 223 | B908: 2131 | C908: 가 | D908: 충남대 | E908: 수의예 | F908: 자연 | G908: 28 | H908: 199.322 | I908: 198.878 | J908: 197.963 | K908: 197.61 | L908: 197.08 | M908: 표점 | N908: 표점 | O908: 가887
A909: 223 | B909: 2132 | C909: 가 | D909: 충남대 | E909: 수의예(지역) | F909: 자연 | G909: 29 | H909: 197.675 | I909: 197.483 | J909: 197.308 | K909: 196.455 | L909: 195.008 | M909: 표점 | N909: 표점 | O909: 가888
A910: 229 | B910: 2133 | C910: 가 | D910: 충북대 | E910: 수의예 | F910: 자연 | G910: 30 | H910: 991.138 | I910: 990.867 | J910: 990.158 | K910: 989.829 | L910: 989.451 | M910: 표점/만점 | N910: 표점/만점 | O910: 가889
... A1324: 102 | B1324: 1144 | C1324: 나 | D1324: 상명대 | E1324: 지적재산권 | F1324: 통합 | G1324: 2 | H1324: 818.34 | I1324: 814.085 | J1324: 809.855 | K1324: 802.82 | L1324: 795.235 | M1324: 백분위 | N1324: 백분위 | O1324: 나412
A1325: 102 | B1325: 1145 | C1325: 나 | D1325: 상명대 | E1325: 국가안보 | F1325: 통합 | G1325: 2 | H1325: #VALUE! | I1325: #VALUE! | J1325: #VALUE! | K1325: #VALUE! | L1325: #VALUE! | M1325: 백분위 | N1325: 백분위 | O1325: 1
A1326: 108 | B1326: 1152 | C1326: 나 | D1326: 가톨릭대 | E1326: 간호 | F1326: 자연 | G1326: 2 | H1326: 632.445 | I1326: 628.525 | J1326: 624.082 | K1326: 617.73 | L1326: 611.233 | M1326: 표점 | N1326: 변표 | O1326: 나413
A1327: 105 | B1327: 1154 | C1327: 나 | D1327: 가톨릭대 | E1327: 자유전공(일반전형2) | F1327: 자연 | G1327: 2 | H1327: 858.82 | I1327: 854.76 | J1327: 849.58 | K1327: 840.7 | L1327: 830.18 | M1327: 백분위 | N1327: 백분위 | O1327: 나414
A1328: 103 | B1328: 1150 | C1328: 나 | D1328: 가톨릭대 | E1328: 데이터사이 | F1328: 자연 | G1328: 2 | H1328: 850.19 | I1328: 846.32 | J1328: 841.12 | K1328: 832.04 | L1328: 822.85 | M1328: 백분위 | N1328: 백분위 | O1328: 나415
A1329: 103 | B1329: 1158 | C1329: 나 | D1329: 가톨릭대 | E1329: 자유전공(일반전형) | F1329: 통합 | G1329: 2 | H1329: 875.53 | I1329: 870.78 | J1329: 864.6 | K1329: 855.55 | L1329: 844.57 | M1329: 백분위 | N1329: 백분위 | O1329: 나416
A1330: 242 | B1330: 1189 | C1330: 나 | D1330: 가천대 | E1330: 간호 | F1330: 자연 | G1330: 2 | H1330: 87.559 | I1330: 87.19 | J1330: 86.763 | K1330: 86.319 | L1330: 85.917 | M1330: 백분위 | N1330: 백분위 | O1330: 나417
A1331: 242 | B1331: 1169 | C1331: 나 | D1331: 가천대 | E1331: 반도체대학 | F1331: 자연 | G1331: 2 | H1331: 84.027 | I1331: 83.557 | J1331: 82.886 | K1331: 82.269 | L1331: 81.004 | M1331: 백분위 | N1331: 백분위 | O1331: 나418
A1332: 242 | B1332: 1180 | C1332: 나 | D1332: 가천대 | E1332: 시스템반도체 | F1332: 자연 | G1332: 2 | H1332: 84.089 | I1332: 83.557 | J1332: 82.886 | K1332: 82.274 | L1332: 81.124 | M1332: 백분위 | N1332: 백분위 | O1332: 나419
A1333: 242 | B1333: 1162 | C1333: 나 | D1333: 가천대 | E1333: 스마트보안 | F1333: 자연 | G1333: 2 | H1333: 84.096 | I1333: 83.557 | J1333: 82.823 | K1333: 82.077 | L1333: 81.633 | M1333: 백분위 | N1333: 백분위 | O1333: 나420
A1334: 242 | B1334: 1188 | C1334: 나 | D1334: 가천대 | E1334: 스마트시티 | F1334: 자연 | G1334: 2 | H1334: 83.18 | I1334: 82.793 | J1334: 81.972 | K1334: 81.273 | L1334: 80.012 | M1334: 백분위 | N1334: 백분위 | O1334: 나421
A1335: 242 | B1335: 1187 | C1335: 나 | D1335: 가천대 | E1335: 스마트팩토리 | F1335: 자연 | G1335: 2 | H1335: 83.098 | I1335: 82.581 | J1335: 81.772 | K1335: 81.124 | L1335: 80.012 | M1335: 백분위 | N1335: 백분위 | O1335: 나422
A1336: 242 | B1336: 1173 | C1336: 나 | D1336: 가천대 | E1336: 토목환경공 | F1336: 자연 | G1336: 2 | H1336: 82.681 | I1336: 82.202 | J1336: 81.393 | K1336: 80.727 | L1336: 80.241 | M1336: 백분위 | N1336: 백분위 | O1336: 나423
A1337: 243 | B1337: 1197 | C1337: 나 | D1337: 가천대 | E1337: 심리 | F1337: 통합 | G1337: 2 | H1337: 84.402 | I1337: 83.913 | J1337: 83.219 | K1337: 82.266 | L1337: 81.741 | M1337: 백분위 | N1337: 백분위 | O1337: 나424
... A1479: 188 | B1479: 1430 | C1479: 나 | D1479: 경상대 | E1479: 화학과 | F1479: 자연 | G1479: 2 | H1479: 791.672 | I1479: 789.792 | J1479: 784.966 | K1479: 779.789 | L1479: 772.066 | M1479: 표점/만점 | N1479: 표점/만점 | O1479: 나566
A1480: 188 | B1480: 1432 | C1480: 나 | D1480: 경상대 | E1480: 스마트에너지기계공학과 | F1480: 자연 | G1480: 2 | H1480: #VALUE! | I1480: #VALUE! | J1480: #VALUE! | K1480: #VALUE! | L1480: #VALUE! | M1480: 표점/만점 | N1480: 표점/만점 | O1480: 1
A1481: 188 | B1481: 1433 | C1481: 나 | D1481: 경상대 | E1481: 해양토목공학과 | F1481: 자연 | G1481: 2 | H1481: #VALUE! | I1481: #VALUE! | J1481: #VALUE! | K1481: #VALUE! | L1481: #VALUE! | M1481: 표점/만점 | N1481: 표점/만점 | O1481: 1
A1482: 188 | B1482: 1434 | C1482: 나 | D1482: 경상대 | E1482: 해양식품공학과 | F1482: 자연 | G1482: 2 | H1482: #VALUE! | I1482: #VALUE! | J1482: #VALUE! | K1482: #VALUE! | L1482: #VALUE! | M1482: 표점/만점 | N1482: 표점/만점 | O1482: 1
A1483: 188 | B1483: 1435 | C1483: 나 | D1483: 경상대 | E1483: 해양환경공학과 | F1483: 자연 | G1483: 2 | H1483: #VALUE! | I1483: #VALUE! | J1483: #VALUE! | K1483: #VALUE! | L1483: #VALUE! | M1483: 표점/만점 | N1483: 표점/만점 | O1483: 1
A1484: 188 | B1484: 1436 | C1484: 나 | D1484: 경상대 | E1484: 조선해양공학과 | F1484: 자연 | G1484: 2 | H1484: #VALUE! | I1484: #VALUE! | J1484: #VALUE! | K1484: #VALUE! | L1484: #VALUE! | M1484: 표점/만점 | N1484: 표점/만점 | O1484: 1
A1485: 188 | B1485: 1437 | C1485: 나 | D1485: 경상대 | E1485: 해양생명과학과 | F1485: 자연 | G1485: 2 | H1485: #VALUE! | I1485: #VALUE! | J1485: #VALUE! | K1485: #VALUE! | L1485: #VALUE! | M1485: 표점/만점 | N1485: 표점/만점 | O1485: 1
A1486: 187 | B1486: 1442 | C1486: 나 | D1486: 경상대 | E1486: 경영 | F1486: 통합 | G1486: 2 | H1486: 844.54 | I1486: 842.355 | J1486: 838.071 | K1486: 833.457 | L1486: 827.951 | M1486: 표점/만점 | N1486: 표점/만점 | O1486: 나567
A1487: 187 | B1487: 1448 | C1487: 나 | D1487: 경상대 | E1487: 회계세무 | F1487: 통합 | G1487: 2 | H1487: 836.292 | I1487: 834.205 | J1487: 830.149 | K1487: 825.778 | L1487: 820.168 | M1487: 표점/만점 | N1487: 표점/만점 | O1487: 나568
A1488: 187 | B1488: 1451 | C1488: 나 | D1488: 경상대 | E1488: 러시아 | F1488: 통합 | G1488: 2 | H1488: 832.389 | I1488: 830.419 | J1488: 826.363 | K1488: 821.975 | L1488: 816.735 | M1488: 표점/만점 | N1488: 표점/만점 | O1488: 나569
A1489: 187 | B1489: 1453 | C1489: 나 | D1489: 경상대 | E1489: 경영정보 | F1489: 통합 | G1489: 2 | H1489: 831.371 | I1489: 829.77 | J1489: 825.587 | K1489: 821.174 | L1489: 815.976 | M1489: 표점/만점 | N1489: 표점/만점 | O1489: 나570
A1490: 187 | B1490: 1454 | C1490: 나 | D1490: 경상대 | E1490: 국어국문 | F1490: 통합 | G1490: 2 | H1490: 830.814 | I1490: 828.791 | J1490: 824.544 | K1490: 820.168 | L1490: 815.148 | M1490: 표점/만점 | N1490: 표점/만점 | O1490: 나571
A1491: 187 | B1491: 1455 | C1491: 나 | D1491: 경상대 | E1491: 영문학 | F1491: 통합 | G1491: 2 | H1491: 829.77 | I1491: 827.801 | J1491: 823.322 | K1491: 819.204 | L1491: 814.307 | M1491: 표점/만점 | N1491: 표점/만점 | O1491: 나572
A1492: 187 | B1492: 1458 | C1492: 나 | D1492: 경상대 | E1492: 스마트유통 | F1492: 통합 | G1492: 2 | H1492: 826.526 | I1492: 824.365 | J1492: 820.358 | K1492: 816.357 | L1492: 811.525 | M1492: 표점/만점 | N1492: 표점/만점 | O1492: 나573
A1493: 187 | B1493: 1459 | C1493: 나 | D1493: 경상대 | E1493: 독어독문학과 | F1493: 통합 | G1493: 2 | H1493: 824.938 | I1493: 822.79 | J1493: 819.026 | K1493: 814.944 | L1493: 810.087 | M1493: 표점/만점 | N1493: 표점/만점 | O1493: 나574
A1494: 187 | B1494: 1460 | C1494: 나 | D1494: 경상대 | E1494: 중어중문 | F1494: 통합 | G1494: 2 | H1494: 823.796 | I1494: 821.975 | J1494: 817.982 | K1494: 813.926 | L1494: 809.26 | M1494: 표점/만점 | N1494: 표점/만점 | O1494: 나575
A1495: 187 | B1495: 1461 | C1495: 나 | D1495: 경상대 | E1495: 국제통상 | F1495: 통합 | G1495: 2 | H1495: 821.555 | I1495: 819.611 | J1495: 815.908 | K1495: 811.931 | L1495: 807.074 | M1495: 표점/만점 | N1495: 표점/만점 | O1495: 나576
A1496: 187 | B1496: 1463 | C1496: 나 | D1496: 경상대 | E1496: 영어전공 | F1496: 통합 | G1496: 2 | H1496: 818.542 | I1496: 816.735 | J1496: 813.316 | K1496: 809.26 | L1496: 804.646 | M1496: 표점/만점 | N1496: 표점/만점 | O1496: 나577
A1497: 187 | B1497: 1465 | C1497: 나 | D1497: 경상대 | E1497: 불어불문학과 | F1497: 통합 | G1497: 2 | H1497: 817.982 | I1497: 816.166 | J1497: 812.679 | K1497: 808.893 | L1497: 804.252 | M1497: 표점/만점 | N1497: 표점/만점 | O1497: 나578
... A1499: 187 | B1499: 1468 | C1499: 나 | D1499: 경상대 | E1499: 한문학과 | F1499: 통합 | G1499: 2 | H1499: 806.517 | I1499: 805.08 | J1499: 798.866 | K1499: 793.966 | L1499: 789.348 | M1499: 표점/만점 | N1499: 표점/만점 | O1499: 나580
A1500: 187 | B1500: 1469 | C1500: 나 | D1500: 경상대 | E1500: 철학 | F1500: 통합 | G1500: 2 | H1500: #VALUE! | I1500: #VALUE! | J1500: #VALUE! | K1500: #VALUE! | L1500: #VALUE! | M1500: 표점/만점 | N1500: 표점/만점 | O1500: 1
A1501: 194 | B1501: 1471 | C1501: 나 | D1501: 경북대 | E1501: 모바일공 | F1501: 자연 | G1501: 2 | H1501: 709.82 | I1501: 708.775 | J1501: 705.677 | K1501: 703.185 | L1501: 697.612 | M1501: 표점 | N1501: 변표 | O1501: 나581
A1502: 194 | B1502: 1539 | C1502: 나 | D1502: 경북대 | E1502: 첨단기술융합 자율2 | F1502: 자연 | G1502: 2 | H1502: 674.568 | I1502: 672.894 | J1502: 668.965 | K1502: 665.697 | L1502: 661.063 | M1502: 표점 | N1502: 변표 | O1502: 나582
A1503: 194 | B1503: 1535 | C1503: 나 | D1503: 경북대 | E1503: IT대학 자율 | F1503: 자연 | G1503: 2 | H1503: 672.175 | I1503: 669.886 | J1503: 666.219 | K1503: 662.615 | L1503: 658.62 | M1503: 표점 | N1503: 변표 | O1503: 나583
A1504: 191 | B1504: 1540 | C1504: 나 | D1504: 경북대 | E1504: 자율전공 | F1504: 자연 | G1504: 2 | H1504: 675.678 | I1504: 673.938 | J1504: 670.805 | K1504: 667.335 | L1504: 663.913 | M1504: 표점 | N1504: 변표 | O1504: 나584
A1505: 192 | B1505: 1480 | C1505: 나 | D1505: 경북대 | E1505: 컴퓨터(글로벌소프트웨어) | F1505: 자연 | G1505: 2 | H1505: 670.614 | I1505: 668.181 | J1505: 664.85 | K1505: 661.506 | L1505: 657.43 | M1505: 표점 | N1505: 변표 | O1505: 나585
A1506: 194 | B1506: 1534 | C1506: 나 | D1506: 경북대 | E1506: 공과대학 자율 | F1506: 자연 | G1506: 2 | H1506: 668.965 | I1506: 666.923 | J1506: 663.21 | K1506: 660.132 | L1506: 655.755 | M1506: 표점 | N1506: 변표 | O1506: 나586
A1507: 194 | B1507: 1476 | C1507: 나 | D1507: 경북대 | E1507: 수학교 | F1507: 자연 | G1507: 2 | H1507: 667.869 | I1507: 665.027 | J1507: 660.369 | K1507: 657.43 | L1507: 652.341 | M1507: 표점 | N1507: 변표 | O1507: 나587
A1508: 194 | B1508: 1479 | C1508: 나 | D1508: 경북대 | E1508: 전기공 | F1508: 자연 | G1508: 2 | H1508: 667.643 | I1508: 664.85 | J1508: 660.238 | K1508: 657.199 | L1508: 651.566 | M1508: 표점 | N1508: 변표 | O1508: 나588
A1509: 194 | B1509: 1541 | C1509: 나 | D1509: 경북대 | E1509: 공학 첨단자율 | F1509: 자연 | G1509: 2 | H1509: 665.027 | I1509: 662.96 | J1509: 659.813 | K1509: 656.648 | L1509: 651.46 | M1509: 표점 | N1509: 변표 | O1509: 나589
...

Sheet 환산공식
E2: =' 본인점수 입력 '!AE3 -> (1~2) | F2: =' 본인점수 입력 '!AF3 -> (3~5) | G2: =' 본인점수 입력 '!AG3 -> (6~13) | H2: =' 본인점수 입력 '!AH3 -> 0 | I2: =' 본인점수 입력 '!AI3 -> (10~13) | J2: =' 본인점수 입력 '!AJ3 -> (14~22) | K2: =' 본인점수 입력 '!AK3 -> 0 | L2: =' 본인점수 입력 '!AL3 -> 23 | ... N2: =' 본인점수 입력 '!AN3 -> 25 | BE2: =' 본인점수 입력 '!B6 -> 국어 | BG2: =' 본인점수 입력 '!D6 -> 수학 | BJ2: =' 본인점수 입력 '!G6 -> 과탐 | BR2: =' 본인점수 입력 '!O6 -> 사탐 | CA2: =' 본인점수 입력 '!B13 -> 영어 | CB2: =' 본인점수 입력 '!C13 -> 한국사 | CC2: =' 본인점수 입력 '!D13 -> 제2외국어 | EC2: =CA2 -> 영어 | ED2: =CB2 -> 한국사 | EE2: =CC2 -> 제2외국어 | EG2: (가산점용)
E3: =' 본인점수 입력 '!AE4 -> 적용점수 | F3: =' 본인점수 입력 '!AF4 -> 0 | G3: =' 본인점수 입력 '!AG4 -> 0 | H3: =' 본인점수 입력 '!AH4 -> 0 | I3: =' 본인점수 입력 '!AI4 -> 0 | J3: =' 본인점수 입력 '!AJ4 -> 0 | K3: =' 본인점수 입력 '!AK4 -> 0 | L3: =' 본인점수 입력 '!AL4 -> 0 | ... N3: =' 본인점수 입력 '!AN4 -> 0 | AH3: =E6 -> 국어 | AI3: =F6 -> 수학 | AJ3: =G6 -> 과탐1 | AK3: =H6 -> 과탐2 | AL3: =I6 -> 과탐Ⅱ | AM3: =J6 -> 사탐1 | AN3: =K6 -> 사탐2 | AO3: 탐구1 | AP3: 탐구2 | BE3: =' 본인점수 입력 '!B7 -> 언매 | BF3: =' 본인점수 입력 '!C7 -> 화작 | BG3: =' 본인점수 입력 '!D7 -> 미적 | BH3: =' 본인점수 입력 '!E7 -> 기하 | BI3: =' 본인점수 입력 '!F7 -> 확통 | BJ3: =' 본인점수 입력 '!G7 -> 물리Ⅰ | BK3: =' 본인점수 입력 '!H7 -> 화학Ⅰ | BL3: =' 본인점수 입력 '!I7 -> 생명과학Ⅰ | ... BZ3: =' 본인점수 입력 '!W7 -> 사회문화 | CA3: =' 본인점수 입력 '!#REF! -> #REF! | CB3: =' 본인점수 입력 '!#REF! -> #REF! | CC3: =' 본인점수 입력 '!#REF! -> #REF! | DV3: =AG3 -> 0 | DW3: =AH3 -> 국어 | DX3: =AI3 -> 수학 | DY3: =AJ3 -> 과탐1 | DZ3: =AK3 -> 과탐2 | EA3: =AM3 -> 사탐1 | EB3: =AN3 -> 사탐2 | EG3: =AL3 -> 과탐Ⅱ
AG4: =D7 -> 원점 | AH4: =E7 -> 0 | AI4: =F7 -> 0 | AJ4: =G7 -> 0 | AK4: =H7 -> 0 | AL4: =I7 -> 0 | AM4: =J7 -> 0 | AN4: =K7 -> 0 | BD4: =' 본인점수 입력 '!A8 -> 원점수 | BE4: =IF(' 본인점수 입력 '!B8="",0,' 본인점수 입력 '!B8) -> 0 | BF4: =IF(' 본인점수 입력 '!C8="",0,' 본인점수 입력 '!C8) -> 0 | BG4: =IF(' 본인점수 입력 '!D8="",0,' 본인점수 입력 '!D8) -> 0 | BH4: =IF(' 본인점수 입력 '!E8="",0,' 본인점수 입력 '!E8) -> 0 | BI4: =IF(' 본인점수 입력 '!F8="",0,' 본인점수 입력 '!F8) -> 0 | BJ4: =IF(' 본인점수 입력 '!G8="",0,' 본인점수 입력 '!G8) -> 0 | BK4: =IF(' 본인점수 입력 '!H8="",0,' 본인점수 입력 '!H8) -> 0 | BL4: =IF(' 본인점수 입력 '!I8="",0,' 본인점수 입력 '!I8) -> 0 | ... BP4: =IF(' 본인점수 입력 '!M8="",0,' 본인점수 입력 '!M8) -> 0 | BQ4: =' 본인점수 입력 '!N8 -> 0 | BR4: =' 본인점수 입력 '!O8 -> 0 | BS4: =' 본인점수 입력 '!P8 -> 0 | BT4: =' 본인점수 입력 '!Q8 -> 0 | BU4: =' 본인점수 입력 '!R8 -> 0 | BV4: =' 본인점수 입력 '!S8 -> 0 | BW4: =' 본인점수 입력 '!T8 -> 0 | BX4: =' 본인점수 입력 '!U8 -> 0 | ... BZ4: =' 본인점수 입력 '!W8 -> 0 | CA4: =' 본인점수 입력 '!B14 -> 0 | CB4: =' 본인점수 입력 '!C14 -> 0 | CC4: =' 본인점수 입력 '!D14 -> 0 | DU4: 9 | DV4: =AG4 -> 원점 | DW4: =AH4 -> 0 | DX4: =AI4 -> 0 | DY4: =AJ4 -> 0 | DZ4: =AK4 -> 0 | EA4: =AM4 -> 0 | EB4: =AN4 -> 0 | EC4: =CA4 -> 0 | ED4: =CB4 -> 0 | EE4: =CC4 -> 0 | EG4: =AL4 -> 0 | EK4: =(DW4+DX4+DY4+DZ4+EA4+EB4)/3 -> 0
E5: =' 본인점수 입력 '!AE6 -> 1 | F5: =' 본인점수 입력 '!AF6 -> 1 | G5: =' 본인점수 입력 '!AG6 -> 1 | H5: =' 본인점수 입력 '!AH6 -> 2 | I5: =' 본인점수 입력 '!AI6 -> 1 | J5: =' 본인점수 입력 '!AJ6 -> 1 | K5: =' 본인점수 입력 '!AK6 -> 2 | L5: =' 본인점수 입력 '!AL6 -> 1 | ... N5: =' 본인점수 입력 '!AN6 -> 1 | AG5: =D8 -> 표점 | AH5: =E8 -> 0 | AI5: =F8 -> 0 | AJ5: =G8 -> 0 | AK5: =H8 -> 0 | AL5: =I8 -> 0 | AM5: =J8 -> 0 | AN5: =K8 -> 0 | AO5: =LARGE(($AJ5:$AK5,$AM5:$AN5),1) -> 0 | AP5: =LARGE(($AJ5:$AK5,$AM5:$AN5),2) -> 0 | BD5: =' 본인점수 입력 '!A9 -> 표준점수 | BE5: =IF(' 본인점수 입력 '!B9="",0,' 본인점수 입력 '!B9) -> 0 | BF5: =IF(' 본인점수 입력 '!C9="",0,' 본인점수 입력 '!C9) -> 0 | BG5: =IF(' 본인점수 입력 '!D9="",0,' 본인점수 입력 '!D9) -> 0 | BH5: =IF(' 본인점수 입력 '!E9="",0,' 본인점수 입력 '!E9) -> 0 | BI5: =IF(' 본인점수 입력 '!F9="",0,' 본인점수 입력 '!F9) -> 0 | BJ5: =IF(' 본인점수 입력 '!G9="",0,' 본인점수 입력 '!G9) -> 0 | BK5: =IF(' 본인점수 입력 '!H9="",0,' 본인점수 입력 '!H9) -> 0 | BL5: =IF(' 본인점수 입력 '!I9="",0,' 본인점수 입력 '!I9) -> 0 | ... BZ5: =IF(' 본인점수 입력 '!W9="",0,' 본인점수 입력 '!W9) -> 0 | CA5: =' 본인점수 입력 '!B15 -> 0 | CB5: =' 본인점수 입력 '!C15 -> 0 | CC5: =' 본인점수 입력 '!D15 -> 0 | DU5: 1 | DV5: =AG5 -> 표점 | DW5: =AH5 -> 0 | DX5: =AI5 -> 0 | DY5: =AJ5 -> 0 | DZ5: =AK5 -> 0 | EA5: =AM5 -> 0 | EB5: =AN5 -> 0 | EC5: =CA5 -> 0 | ED5: =CB5 -> 0 | EE5: =CC5 -> 0 | EG5: =AL5 -> 0 | EK5: =(DW5+DX5+DY5+DZ5+EA5+EB5)/3 -> 0
E6: =' 본인점수 입력 '!AE7 -> 국어 | F6: =' 본인점수 입력 '!AF7 -> 수학 | G6: =' 본인점수 입력 '!AG7 -> 과탐1 | H6: =' 본인점수 입력 '!AH7 -> 과탐2 | I6: =' 본인점수 입력 '!AI7 -> 과탐Ⅱ | J6: =' 본인점수 입력 '!AJ7 -> 사탐1 | K6: =' 본인점수 입력 '!AK7 -> 사탐2 | L6: =' 본인점수 입력 '!AL7 -> 영어 | ... N6: =' 본인점수 입력 '!AN7 -> 제2외국어 | AG6: =D9 -> 백분 | AH6: =E9 -> 0 | AI6: =F9 -> 0 | AJ6: =G9 -> 0 | AK6: =H9 -> 0 | AL6: =I9 -> 0 | AM6: =J9 -> 0 | AN6: =K9 -> 0 | AO6: =LARGE(($AJ6:$AK6,$AM6:$AN6),1) -> 0 | AP6: =LARGE(($AJ6:$AK6,$AM6:$AN6),2) -> 0 | BD6: =' 본인점수 입력 '!A10 -> 백분위 | BE6: =IF(' 본인점수 입력 '!B10="",0,' 본인점수 입력 '!B10) -> 0 | BF6: =IF(' 본인점수 입력 '!C10="",0,' 본인점수 입력 '!C10) -> 0 | BG6: =IF(' 본인점수 입력 '!D10="",0,' 본인점수 입력 '!D10) -> 0 | BH6: =IF(' 본인점수 입력 '!E10="",0,' 본인점수 입력 '!E10) -> 0 | BI6: =IF(' 본인점수 입력 '!F10="",0,' 본인점수 입력 '!F10) -> 0 | BJ6: =IF(' 본인점수 입력 '!G10="",0,' 본인점수 입력 '!G10) -> 0 | BK6: =IF(' 본인점수 입력 '!H10="",0,' 본인점수 입력 '!H10) -> 0 | BL6: =IF(' 본인점수 입력 '!I10="",0,' 본인점수 입력 '!I10) -> 0 | ... BZ6: =IF(' 본인점수 입력 '!W10="",0,' 본인점수 입력 '!W10) -> 0 | CA6: =' 본인점수 입력 '!B16 -> 0 | CB6: =' 본인점수 입력 '!C16 -> 0 | CC6: =' 본인점수 입력 '!D16 -> 0 | DU6: 2 | DV6: =AG6 -> 백분 | DW6: =AH6 -> 0 | DX6: =AI6 -> 0 | DY6: =AJ6 -> 0 | DZ6: =AK6 -> 0 | EA6: =AM6 -> 0 | EB6: =AN6 -> 0 | EC6: =CA6 -> 0 | ED6: =CB6 -> 0 | EE6: =CC6 -> 0 | EG6: =AL6 -> 0 | EK6: =(DW6+DX6+(DY6+DZ6+EA6+EB6)/2)/3 -> 0
C7: 9 | D7: =' 본인점수 입력 '!AD8 -> 원점 | E7: =' 본인점수 입력 '!AE8 -> 0 | F7: =' 본인점수 입력 '!AF8 -> 0 | G7: =' 본인점수 입력 '!AG8 -> 0 | H7: =' 본인점수 입력 '!AH8 -> 0 | I7: =' 본인점수 입력 '!AI8 -> 0 | J7: =' 본인점수 입력 '!AJ8 -> 0 | K7: =' 본인점수 입력 '!AK8 -> 0 | ... N7: =' 본인점수 입력 '!AN8 -> 0 | AG7: =D10 -> 등급 | AH7: =E10 -> 0 | AI7: =F10 -> 0 | AJ7: =G10 -> 0 | AK7: =H10 -> 0 | AL7: =I10 -> 0 | AM7: =J10 -> 0 | AN7: =K10 -> 0 | AO7: =LARGE(($AJ7:$AK7,$AM7:$AN7),1) -> 0 | AP7: =LARGE(($AJ7:$AK7,$AM7:$AN7),2) -> 0 | AS7: 1 | BD7: =' 본인점수 입력 '!A11 -> 등급 | BE7: =IF(' 본인점수 입력 '!B11="",0,' 본인점수 입력 '!B11) -> 0 | BF7: =IF(' 본인점수 입력 '!C11="",0,' 본인점수 입력 '!C11) -> 0 | BG7: =IF(' 본인점수 입력 '!D11="",0,' 본인점수 입력 '!D11) -> 0 | BH7: =IF(' 본인점수 입력 '!E11="",0,' 본인점수 입력 '!E11) -> 0 | BI7: =IF(' 본인점수 입력 '!F11="",0,' 본인점수 입력 '!F11) -> 0 | BJ7: =IF(' 본인점수 입력 '!G11="",0,' 본인점수 입력 '!G11) -> 0 | BK7: =IF(' 본인점수 입력 '!H11="",0,' 본인점수 입력 '!H11) -> 0 | BL7: =IF(' 본인점수 입력 '!I11="",0,' 본인점수 입력 '!I11) -> 0 | ... BZ7: =IF(' 본인점수 입력 '!W11="",0,' 본인점수 입력 '!W11) -> 0 | CA7: =' 본인점수 입력 '!B17 | CB7: =' 본인점수 입력 '!C17 | CC7: =' 본인점수 입력 '!D17 | DU7: 3 | DV7: =AG7 -> 등급 | DW7: =AH7 -> 0 | DX7: =AI7 -> 0 | DY7: =AJ7 -> 0 | DZ7: =AK7 -> 0 | EA7: =AM7 -> 0 | EB7: =AN7 -> 0 | EC7: =CA7 | ED7: =CB7 | EE7: =CC7 | EG7: =AL7 -> 0 | EK7: =(DW7+DX7+(DY7+DZ7+EA7+EB7)/2)/3 -> 0
C8: 1 | D8: =' 본인점수 입력 '!AD9 -> 표점 | E8: =' 본인점수 입력 '!AE9 -> 0 | F8: =' 본인점수 입력 '!AF9 -> 0 | G8: =' 본인점수 입력 '!AG9 -> 0 | H8: =' 본인점수 입력 '!AH9 -> 0 | I8: =' 본인점수 입력 '!AI9 -> 0 | J8: =' 본인점수 입력 '!AJ9 -> 0 | K8: =' 본인점수 입력 '!AK9 -> 0 | ... N8: =' 본인점수 입력 '!AN9 -> 0 | AG8: =D11 -> 변표 | AH8: =E11 -> 0 | AI8: =F11 -> 0 | AJ8: =G11 -> 0 | AK8: =H11 -> 0 | AL8: =I11 -> 0 | AM8: =J11 -> 0 | AN8: =K11 -> 0 | BD8: =' 본인점수 입력 '!A21 -> 0 | BE8: =IF(' 본인점수 입력 '!B21="",0,' 본인점수 입력 '!B21) -> 언매 | BF8: =IF(' 본인점수 입력 '!C21="",0,' 본인점수 입력 '!C21) -> 화작 | BG8: =IF(' 본인점수 입력 '!D21="",0,' 본인점수 입력 '!D21) -> 미적 | BH8: =IF(' 본인점수 입력 '!E21="",0,' 본인점수 입력 '!E21) -> 기하 | BI8: =IF(' 본인점수 입력 '!F21="",0,' 본인점수 입력 '!F21) -> 확통 | BJ8: =IF(' 본인점수 입력 '!G21="",0,' 본인점수 입력 '!G21) -> 물리Ⅰ | BK8: =IF(' 본인점수 입력 '!H21="",0,' 본인점수 입력 '!H21) -> 화학Ⅰ | BL8: =IF(' 본인점수 입력 '!I21="",0,' 본인점수 입력 '!I21) -> 생명과학Ⅰ | ... BZ8: =IF(' 본인점수 입력 '!W21="",0,' 본인점수 입력 '!W21) -> 사회문화 | CA8: =' 본인점수 입력 '!X21 -> 0 | CB8: =' 본인점수 입력 '!Y21 -> 0 | CC8: =' 본인점수 입력 '!Z21 -> 0 | DD8: =COUNTIF(' 본인점수 입력 '!G43:N43,">"&0) -> 0 | DE8: =COUNTIF(' 본인점수 입력 '!O43:W43,">"&0) -> 0 | DF8: =COUNTIF(' 본인점수 입력 '!G43:W43,">"&0) -> 0 | DG8: =IF(' 본인점수 입력 '!D43=1,1,0) -> 0 | DH8: =IF(OR(' 본인점수 입력 '!D43=1,' 본인점수 입력 '!E43=1),1,0) -> 0 | DI8: =IF(' 본인점수 입력 '!F43=1,1,0) -> 0 | DJ8: =IF(COUNTIF(' 본인점수 입력 '!G43:N43,">"&0)>0,1,0) -> 0 | DK8: =COUNTIF(' 본인점수 입력 '!K43:N43,">"&0) -> 0 | DL8: =IF(COUNTIF(' 본인점수 입력 '!O43:W43,">"&0)>0,1,0) -> 0 | DM8: =IF(' 본인점수 입력 '!B43=1,1,0) -> 0 | DN8: 0 | DO8: =IF(' 본인점수 입력 '!Z43=1,1,0) -> 0 | DP8: =IF(G13=0,0,IF(LEFT(G13,2)=LEFT(H13,2),1,0)) -> 0 | DU8: 12 | DV8: 표점(만대) | DW8: =DW5 -> 0 | DX8: =DX5 -> 0 | DY8: =DY5 -> 0 | DZ8: =DZ5 -> 0 | EA8: =EA5 -> 0 | EB8: =EB5 -> 0 | EC8: =EC5 -> 0 | ED8: =ED5 -> 0 | EE8: =EE5 -> 0
C9: 2 | D9: =' 본인점수 입력 '!AD10 -> 백분 | E9: =' 본인점수 입력 '!AE10 -> 0 | F9: =' 본인점수 입력 '!AF10 -> 0 | G9: =' 본인점수 입력 '!AG10 -> 0 | H9: =' 본인점수 입력 '!AH10 -> 0 | I9: =' 본인점수 입력 '!AI10 -> 0 | J9: =' 본인점수 입력 '!AJ10 -> 0 | K9: =' 본인점수 입력 '!AK10 -> 0 | ... N9: =' 본인점수 입력 '!AN10 -> 0 | AG9: =D12 -> 최고표점 | AH9: =E12 -> 139 | AI9: =F12 -> 140 | AJ9: =IF(AJ6=0,' 본인점수 입력 '!Z53,G12) -> 69.823 | AK9: =IF(AK6=0,' 본인점수 입력 '!Z53,H12) -> 69.823 | AL9: =I12 -> 72 | AM9: =IF(AM6=0,' 본인점수 입력 '!AA53,J12) -> 71.561 | AN9: =IF(AN6=0,' 본인점수 입력 '!AA53,K12) -> 71.561 | AO9: =LARGE(($AJ9:$AK9,$AM9:$AN9),1) -> 71.561 | AP9: =LARGE(($AJ9:$AK9,$AM9:$AN9),2) -> 71.561 | EG9: 1
C10: 3 | D10: =' 본인점수 입력 '!AD11 -> 등급 | E10: =' 본인점수 입력 '!AE11 -> 0 | F10: =' 본인점수 입력 '!AF11 -> 0 | G10: =' 본인점수 입력 '!AG11 -> 0 | H10: =' 본인점수 입력 '!AH11 -> 0 | I10: =' 본인점수 입력 '!AI11 -> 0 | J10: =' 본인점수 입력 '!AJ11 -> 0 | K10: =' 본인점수 입력 '!AK11 -> 0 | ... N10: =' 본인점수 입력 '!AN11
C11: 4 | D11: =' 본인점수 입력 '!AD16 -> 변표 | E11: =' 본인점수 입력 '!AE16 -> 0 | F11: =' 본인점수 입력 '!AF16 -> 0 | G11: =' 본인점수 입력 '!AG16 -> 0 | H11: =' 본인점수 입력 '!AH16 -> 0 | I11: =' 본인점수 입력 '!AI16 -> 0 | J11: =' 본인점수 입력 '!AJ16 -> 0 | K11: =' 본인점수 입력 '!AK16 -> 0 | ... N11: =' 본인점수 입력 '!AN16 -> 0 | AJ11: =' 본인점수 입력 '!X49 -> 69.823 | AL11: =I13 -> 미응시 | AN11: =' 본인점수 입력 '!Z49 -> 70.789
D12: =' 본인점수 입력 '!AD17 -> 최고표점 | E12: =' 본인점수 입력 '!AE17 -> 139 | F12: =' 본인점수 입력 '!AF17 -> 140 | G12: =' 본인점수 입력 '!AG17 -> 72 | H12: =' 본인점수 입력 '!AH17 -> 72 | I12: =' 본인점수 입력 '!AI17 -> 72 | J12: =' 본인점수 입력 '!AJ17 -> 69 | K12: =' 본인점수 입력 '!AK17 -> 66 | ... N12: =' 본인점수 입력 '!AN17 -> 0
G13: =' 본인점수 입력 '!AG18 -> 지구과학II | H13: =' 본인점수 입력 '!AH18 -> 생명과학II | I13: =' 본인점수 입력 '!AI18 -> 미응시 | Z13: 과1 | AA13: 과2 | AC13: 사1 | AD13: 사2
DB14: 영어실질 | DC14: 한국.외국
X15: =E15 -> 0 | Y15: =F15 -> 0 | Z15: =G15 -> 0 | AA15: =H15 -> 0 | AC15: =J15 -> 0 | AD15: =K15 -> 0 | BZ15: 1 | CA15: 2 | CB15: 3 | CC15: 4 | CD15: 5 | CE15: 6 | CF15: 7 | CG15: 8 | CH15: 9 | CI15: 1 | CJ15: 2 | CK15: 3 | CL15: 4 | CM15: 5 | CN15: 6 | CO15: 7 | CP15: 8 | CQ15: 9 | CR15: 1 | CS15: 2 | CT15: 3 | CU15: 4 | CV15: 5 | CW15: 6 | CX15: 7 | CY15: 8 | CZ15: 9 | DA15: 영어감점 | DB15: 반영비 | DC15: 감점 | DN15: 함수 | FR15: .
A16: 1 | B16: 1 | C16: 서울대 자연A 물화 | D16: 600 | E16: =1/3 -> 0.33333333 | F16: =1.2/3 -> 0.4 | G16: =0.4/3 -> 0.13333333 | H16: 0.13333333 | M16: 2 | N16: =E16+F16+MAX((G16:H16),J16:K16)*M16 -> 1 | Q16: =IF(P16>0,P16,O16) | S16: =X16 -> 1 | T16: =Y16 -> 1.2 | U16: =IF($AS$7=1,Z16,IF(AJ16=12,$D16*G16/$AJ$11,Z16)) -> 0.8 | V16: =IF($AS$7=1,AC16,IF(AM16=12,$D16*J16/$AN$11,AC16)) -> 자동 | W16: =IF(AND(AJ16=2,DR16=1),U16*M16,IF(AND(AJ16=2,DR16=2),V16*M16,IF(DR16=1,U16,IF(DR16=2,V16)))) -> 0.8 | X16: 1 | Y16: 1.2 | Z16: 0.8 | AA16: 0.8 | AB16: =IF($AL$5=0,"자동",IF(AL16=12,$D16*I16/IF($AS$7=1,$AL$9,$AJ$11),IF(AL16=42,$D16*I16/$AE16,IF(OR(AL16=1,AL16=4,AL16=2),$D16*I16/100,IF(AL16=9,$D16*I16/50,"자동"))))) -> 자동 | AC16: =IF(AM16=12,$D16*J16/IF($DU16=1,IF($AS$7=1,$AM$9,$AN$11),$AN$11),IF(AM16=42,$D16*J16/AF16,IF(OR(AM16=1,AM16=4,AM16=2),$D16*J16/100,IF(AM16=9,$D16*J16/50,"자동")))) -> 자동 | AD16: =IF(AN16=12,$D16*K16/IF($DU16=1,IF($AS$7=1,$AN$9,$AN$11),$AN$11),IF(AN16=42,$D16*K16/AF16,IF(OR(AN16=1,AN16=4,AN16=2),$D16*K16/100,IF(AN16=9,$D16*K16/50,"자동")))) -> 자동 | AE16: =IF(AR16=42,INDEX('2025학년도 변표'!$C$118:$C$197,MATCH(Q16,'2025학년도 변표'!$B$118:$B$197,0)),"") | AF16: =IF(AR16=42,INDEX('2025학년도 변표'!$D$118:$D$197,MATCH(Q16,'2025학년도 변표'!$B$118:$B$197,0)),"") | AH16: 1 | AI16: 1 | AJ16: 1 | AK16: 1 | AL16: 1 | AO16: 3 | AP16: 3 | AR16: =IF(AJ16>0,AJ16,AM16) -> 1 | AZ16: 0.9 | BA16: =IF(AZ16="",IF(DK16=1,1,$AZ$3),AZ16) -> 0.9 | BL16: =IF(AND($AS$7=1,$DK$8=1),3,IF(AND($AS$7=1,$DK$8=2),5,0)) -> 0 | BU16: 3 | BY16: =D16*N16 -> 600 | CA16: -0.5 | CB16: -2 | CC16: -4 | CD16: -6 | CE16: -8 | CF16: -10 | CG16: -12 | CH16: -14 | CL16: -0.4 | CM16: -0.8 | CN16: -1.2 | CO16: -1.6 | CP16: -2 | CQ16: -2.4 | DA16: =ROUND((BZ16-EQ16),1) -> 0 | DB16: =((BZ16-EQ16)/(EX16+DA16-ET16))*100 -> #DIV/0! | DC16: =ROUND((CI16-ER16)+(CR16-ES16),1) -> 0 | DD16: 2 | DH16: 1 | DN16: =IF(OR(LEFT(G13,1)="물",LEFT(G13,1)="화",LEFT(H13,1)="물",LEFT(H13,1)="화"),0,1) -> 1 | DP16: 1 | DR16: =IF(DQ16>0,DQ16,IF(DD16>0,1,2)) -> 1 | DS16: =MAX(DD16:DF16) -> 2 | DT16: =IF(OR(AND(DD16>0,DD16>$DD$8),AND(DE16>0,DE16>$DE$8),AND(DF16>0,DF16>$DF$8)),0,1) -> 0 | DU16: =IFERROR(IF(AND($DG$8>=DG16,$DH$8>=DH16,$DI$8>=DI16,$DJ$8>=DJ16,$DK$8>=DK16,$DL$8>=DL16,$DM$8>=DM16,$DN$8>=DN16,$DO$8>=DO16,OR(DP16=0,$DP$8<DP16),DT16=1),1,0),0) -> 0 | DW16: =IFERROR(INDEX(DW$4:DW$10,MATCH(AH16,$DU$4:$DU$10,0)),0) -> 0 | DX16: =IFERROR(INDEX(DX$4:DX$10,MATCH(AI16,$DU$4:$DU$10,0)),0) -> 0 | DY16: =IFERROR(IF(LEFT($AR16,1)="4",INDEX('2025학년도 변표'!$H$118:$H$197,MATCH($Q16,'2025학년도 변표'!$B$118:$B$197,0)),INDEX(DY$4:DY$8,MATCH(AJ16,$DU$4:$DU$8,0))),0) -> 0 | DZ16: =IFERROR(IF(LEFT($AR16,1)="4",INDEX('2025학년도 변표'!$I$118:$I$197,MATCH($Q16,'2025학년도 변표'!$B$118:$B$197,0)),INDEX(DZ$4:DZ$8,MATCH(AK16,$DU$4:$DU$8,0))),0) -> 0 | EB16: =IFERROR(IF(LEFT($AR16,1)="4",INDEX('2025학년도 변표'!$J$118:$J$197,MATCH($Q16,'2025학년도 변표'!$B$118:$B$197,0)),INDEX(EA$4:EA$8,MATCH(AM16,$DU$4:$DU$8,0))),0) -> 0 | EC16: =IFERROR(IF(LEFT($AR16,1)="4",INDEX('2025학년도 변표'!$K$118:$K$197,MATCH($Q16,'2025학년도 변표'!$B$118:$B$197,0)),INDEX(EB$4:EB$8,MATCH(AN16,$DU$4:$DU$8,0))),0) -> 0 | ED16: =IFERROR(INDEX(EC$4:EC$8,MATCH(AO16,$DU$4:$DU$8,0)),0) | EE16: =IFERROR(INDEX(ED$4:ED$8,MATCH(AP16,$DU$4:$DU$8,0)),0) | EF16: =IFERROR(INDEX(EE$4:EE$8,MATCH(AQ16,$DU$4:$DU$8,0)),0) -> 0 | EH16: =IFERROR((DW16*X16+BF16)*$EG$9,0) -> 0 | EI16: =IFERROR((DX16*Y16+MAX(BG16,BH16))*$EG$9,0) -> 0 | EJ16: =IFERROR((DY16*Z16+BJ16)*$EG$9,0) -> 0 | EK16: =IFERROR(IF(M16<2,0,(DZ16*AA16+BK16)*$EG$9),0) -> 0 | EL16: =IFERROR(BL16*$EG$9,0) -> 0 | EM16: =IFERROR((EB16*AC16+BM16)*$EG$9,0) -> 0 | EN16: =IFERROR(IF(M16<2,0,(EC16*AD16+BN16)*$EG$9),0) -> 0 | EO16: =LARGE((EJ16:EK16,EM16:EN16),1) -> 0 | EP16: =IF(M16<2,0,LARGE((EJ16:EK16,EM16:EN16),2)) -> 0 | EQ16: =IFERROR(INDEX(BZ16:CH16,MATCH(ED16,$BZ$15:$CH$15,0)),0) -> 0 | ER16: =IFERROR(INDEX(CI16:CQ16,MATCH(EE16,$CI$15:$CQ$15,0)),0) -> 0 | ES16: =IFERROR(INDEX(CR16:CZ16,MATCH(EF16,$CR$15:$CZ$15,0)),0) -> 0 | EX16: =IF(EW16>0,EW16,EH16+EI16+EL16+EO16+EP16+EQ16+ER16+ES16+ET16) -> 0 | EZ16: =IF(COUNTA(BF16:BN16)>0,1,0) -> 1 | FA16: =IF(EZ16=0,0,COUNTIF(OFFSET($EZ$16,0,0,ROW(B16)-ROW($B$16)+1,1),">"&0)) -> 1 | FE16: =IF(AH16=1,"표점",IF(AH16=12,"표점/만점",IF(AH16=2,"백분위"))) -> 표점 | FF16: =IF(AR16=1,"표점",IF(AR16=12,"표점/만점",IF(AR16=2,"백분위",IF(AR16=4,"변표",IF(AR16=42,"변표/만점"))))) -> 표점 | FG16: =ROUND(S16/$FJ16,2) -> 0.33 | FH16: =ROUND(T16/$FJ16,2) -> 0.4 | FI16: =ROUND(W16/$FJ16,2) -> 0.27 | FJ16: =S16+T16+W16 -> 3
A17: =ROUND(ROW(A17)-ROW($A$15),0) -> 2 | B17: 2 | C17: 서울대 자연B | D17: 600 | E17: 0.33333333 | F17: 0.4 | G17: 0.13333333 | H17: 0.13333333 | M17: 2 | N17: =E17+F17+MAX((G17:H17),J17:K17)*M17 -> 1 | Q17: =IF(P17>0,P17,O17) | S17: =X17 -> 1 | T17: =Y17 -> 1.2 | U17: =IF($AS$7=1,Z17,IF(AJ17=12,$D17*G17/$AJ$11,Z17)) -> 0.8 | V17: =IF($AS$7=1,AC17,IF(AM17=12,$D17*J17/$AN$11,AC17)) -> 자동 | W17: =IF(AND(AJ17=2,DR17=1),U17*M17,IF(AND(AJ17=2,DR17=2),V17*M17,IF(DR17=1,U17,IF(DR17=2,V17)))) -> 0.8 | X17: 1 | Y17: 1.2 | Z17: 0.8 | AA17: 0.8 | AB17: =IF($AL$5=0,"자동",IF(AL17=12,$D17*I17/IF($AS$7=1,$AL$9,$AJ$11),IF(AL17=42,$D17*I17/$AE17,IF(OR(AL17=1,AL17=4,AL17=2),$D17*I17/100,IF(AL17=9,$D17*I17/50,"자동"))))) -> 자동 | AC17: =IF(AM17=12,$D17*J17/IF($DU17=1,IF($AS$7=1,$AM$9,$AN$11),$AN$11),IF(AM17=42,$D17*J17/AF17,IF(OR(AM17=1,AM17=4,AM17=2),$D17*J17/100,IF(AM17=9,$D17*J17/50,"자동")))) -> 자동 | AD17: =IF(AN17=12,$D17*K17/IF($DU17=1,IF($AS$7=1,$AN$9,$AN$11),$AN$11),IF(AN17=42,$D17*K17/AF17,IF(OR(AN17=1,AN17=4,AN17=2),$D17*K17/100,IF(AN17=9,$D17*K17/50,"자동")))) -> 자동 | AE17: =IF(AR17=42,INDEX('2025학년도 변표'!$C$118:$C$197,MATCH(Q17,'2025학년도 변표'!$B$118:$B$197,0)),"") | AF17: =IF(AR17=42,INDEX('2025학년도 변표'!$D$118:$D$197,MATCH(Q17,'2025학년도 변표'!$B$118:$B$197,0)),"") | AH17: 1 | AI17: 1 | AJ17: 1 | AK17: 1 | AO17: 3 | AP17: 3 | AR17: 1 | AZ17: 0.9 | BA17: =IF(AZ17="",IF(DK17=1,1,$AZ$3),AZ17) -> 0.9 | BL17: =IF(AND($AS$7=1,$DK$8=1),3,IF(AND($AS$7=1,$DK$8=2),5,0)) -> 0 | BU17: 3 | BY17: =D17*N17 -> 600 | CA17: -0.5 | CB17: -2 | CC17: -4 | CD17: -6 | CE17: -8 | CF17: -10 | CG17: -12 | CH17: -14 | CL17: -0.4 | CM17: -0.8 | CN17: -1.2 | CO17: -1.6 | CP17: -2 | CQ17: -2.4 | DA17: =ROUND((BZ17-EQ17),1) -> 0 | DB17: =((BZ17-EQ17)/(EX17+DA17-ET17))*100 -> #DIV/0! | DC17: =ROUND((CI17-ER17)+(CR17-ES17),1) -> 0 | DD17: 2 | DH17: 1 | DP17: 1 | DR17: =IF(DQ17>0,DQ17,IF(DD17>0,1,2)) -> 1 | DS17: =MAX(DD17:DF17) -> 2 | DT17: =IF(OR(AND(DD17>0,DD17>$DD$8),AND(DE17>0,DE17>$DE$8),AND(DF17>0,DF17>$DF$8)),0,1) -> 0 | DU17: =IFERROR(IF(AND($DG$8>=DG17,$DH$8>=DH17,$DI$8>=DI17,$DJ$8>=DJ17,$DK$8>=DK17,$DL$8>=DL17,$DM$8>=DM17,$DN$8>=DN17,$DO$8>=DO17,OR(DP17=0,$DP$8<DP17),DT17=1),1,0),0) -> 0 | DW17: =IFERROR(INDEX(DW$4:DW$10,MATCH(AH17,$DU$4:$DU$10,0)),0) -> 0 | DX17: =IFERROR(INDEX(DX$4:DX$10,MATCH(AI17,$DU$4:$DU$10,0)),0) -> 0 | DY17: =IFERROR(IF(LEFT($AR17,1)="4",INDEX('2025학년도 변표'!$H$118:$H$197,MATCH($Q17,'2025학년도 변표'!$B$118:$B$197,0)),INDEX(DY$4:DY$8,MATCH(AJ17,$DU$4:$DU$8,0))),0) -> 0 | DZ17: =IFERROR(IF(LEFT($AR17,1)="4",INDEX('2025학년도 변표'!$I$118:$I$197,MATCH($Q17,'2025학년도 변표'!$B$118:$B$197,0)),INDEX(DZ$4:DZ$8,MATCH(AK17,$DU$4:$DU$8,0))),0) -> 0 | EB17: =IFERROR(IF(LEFT($AR17,1)="4",INDEX('2025학년도 변표'!$J$118:$J$197,MATCH($Q17,'2025학년도 변표'!$B$118:$B$197,0)),INDEX(EA$4:EA$8,MATCH(AM17,$DU$4:$DU$8,0))),0) -> 0 | EC17: =IFERROR(IF(LEFT($AR17,1)="4",INDEX('2025학년도 변표'!$K$118:$K$197,MATCH($Q17,'2025학년도 변표'!$B$118:$B$197,0)),INDEX(EB$4:EB$8,MATCH(AN17,$DU$4:$DU$8,0))),0) -> 0 | ED17: =IFERROR(INDEX(EC$4:EC$8,MATCH(AO17,$DU$4:$DU$8,0)),0) | EE17: =IFERROR(INDEX(ED$4:ED$8,MATCH(AP17,$DU$4:$DU$8,0)),0) | EF17: =IFERROR(INDEX(EE$4:EE$8,MATCH(AQ17,$DU$4:$DU$8,0)),0) -> 0 | EH17: =IFERROR((DW17*X17+BF17)*$EG$9,0) -> 0 | EI17: =IFERROR((DX17*Y17+MAX(BG17,BH17))*$EG$9,0) -> 0 | EJ17: =IFERROR((DY17*Z17+BJ17)*$EG$9,0) -> 0 | EK17: =IFERROR(IF(M17<2,0,(DZ17*AA17+BK17)*$EG$9),0) -> 0 | EL17: =IFERROR(BL17*$EG$9,0) -> 0 | EM17: =IFERROR((EB17*AC17+BM17)*$EG$9,0) -> 0 | EN17: =IFERROR(IF(M17<2,0,(EC17*AD17+BN17)*$EG$9),0) -> 0 | EO17: =LARGE((EJ17:EK17,EM17:EN17),1) -> 0 | EP17: =IF(M17<2,0,LARGE((EJ17:EK17,EM17:EN17),2)) -> 0 | EQ17: =IFERROR(INDEX(BZ17:CH17,MATCH(ED17,$BZ$15:$CH$15,0)),0) -> 0 | ER17: =IFERROR(INDEX(CI17:CQ17,MATCH(EE17,$CI$15:$CQ$15,0)),0) -> 0 | ES17: =IFERROR(INDEX(CR17:CZ17,MATCH(EF17,$CR$15:$CZ$15,0)),0) -> 0 | EX17: =IF(EW17>0,EW17,EH17+EI17+EL17+EO17+EP17+EQ17+ER17+ES17+ET17) -> 0 | EZ17: =IF(COUNTA(BF17:BN17)>0,1,0) -> 1 | FA17: =IF(EZ17=0,0,COUNTIF(OFFSET($EZ$16,0,0,ROW(B17)-ROW($B$16)+1,1),">"&0)) -> 2 | FE17: =IF(AH17=1,"표점",IF(AH17=12,"표점/만점",IF(AH17=2,"백분위"))) -> 표점 | FF17: =IF(AR17=1,"표점",IF(AR17=12,"표점/만점",IF(AR17=2,"백분위",IF(AR17=4,"변표",IF(AR17=42,"변표/만점"))))) -> 표점 | FG17: =ROUND(S17/$FJ17,2) -> 0.33 | FH17: =ROUND(T17/$FJ17,2) -> 0.4 | FI17: =ROUND(W17/$FJ17,2) -> 0.27 | FJ17: =S17+T17+W17 -> 3
